Card ID,Card Name,Expansion,Collection No.,Stage (Pokémon)/Type (Energy and Trainer),Rule,Category,Previous stage,HP,Type,Weakness,Resistance (Type),Retreat,Move Name,Cost,Damage,Effect Explanation,Stage (Pokémon)/Type (Energy and Trainer)_encoded,Category_encoded,Type_encoded,Weakness_encoded,strat_vector_0,strat_vector_1,strat_vector_2,strat_vector_3,strat_vector_4,strat_vector_5,strat_vector_6,strat_vector_7,strat_vector_8,strat_vector_9,strat_vector_10,strat_vector_11,strat_vector_12,strat_vector_13,strat_vector_14,strat_vector_15,strat_vector_16,strat_vector_17,strat_vector_18,strat_vector_19,strat_vector_20,strat_vector_21,strat_vector_22,strat_vector_23,strat_vector_24,strat_vector_25,strat_vector_26,strat_vector_27,strat_vector_28,strat_vector_29,strat_vector_30,strat_vector_31,strat_vector_32,strat_vector_33,strat_vector_34,strat_vector_35,strat_vector_36,strat_vector_37,strat_vector_38,strat_vector_39,strat_vector_40,strat_vector_41,strat_vector_42,strat_vector_43,strat_vector_44,strat_vector_45,strat_vector_46,strat_vector_47,strat_vector_48,strat_vector_49,strat_vector_50,strat_vector_51,strat_vector_52,strat_vector_53,strat_vector_54,strat_vector_55,strat_vector_56,strat_vector_57,strat_vector_58,strat_vector_59,strat_vector_60,strat_vector_61,strat_vector_62,strat_vector_63,strat_vector_64,strat_vector_65,strat_vector_66,strat_vector_67,strat_vector_68,strat_vector_69,strat_vector_70,strat_vector_71,strat_vector_72,strat_vector_73,strat_vector_74,strat_vector_75,strat_vector_76,strat_vector_77,strat_vector_78,strat_vector_79,strat_vector_80,strat_vector_81,strat_vector_82,strat_vector_83,strat_vector_84,strat_vector_85,strat_vector_86,strat_vector_87,strat_vector_88,strat_vector_89,strat_vector_90,strat_vector_91,strat_vector_92,strat_vector_93,strat_vector_94,strat_vector_95,strat_vector_96,strat_vector_97,strat_vector_98,strat_vector_99,strat_vector_100,strat_vector_101,strat_vector_102,strat_vector_103,strat_vector_104,strat_vector_105,strat_vector_106,strat_vector_107,strat_vector_108,strat_vector_109,strat_vector_110,strat_vector_111,strat_vector_112,strat_vector_113,strat_vector_114,strat_vector_115,strat_vector_116,strat_vector_117,strat_vector_118,strat_vector_119,strat_vector_120,strat_vector_121,strat_vector_122,strat_vector_123,strat_vector_124,strat_vector_125,strat_vector_126,strat_vector_127
13,Enriching Energy,SSP,191,Special Energy,ACE SPEC,None/Missing,,0.0,{C},None/Missing,,,,,0.0,"As long as this card is attached to a Pokémon, it provides {C} Energy.

When you attach this card from your hand to a Pokémon, draw 4 cards.",4,3,3,0,-10.641499,-14.024774,0.32580805,-8.830312,3.0669909,1.5977823,1.5944101,-3.602848,8.853143,-7.943331,-6.0163007,-1.2296063,-1.2657771,2.0652668,-0.56279373,-3.2014942,0.015298379,3.5061154,10.421253,-2.1585531,-5.248775,-16.091068,-8.2168045,-4.300481,2.5221317,-3.3947768,-4.4966335,7.6028404,-8.03715,2.9945314,1.1555463,-5.964934,17.006994,8.557792,3.4547956,-17.898973,3.8515131,-2.7600377,-9.853283,-5.92848,-4.518018,2.2715158,-3.0267797,-7.4167457,-2.2578273,-1.3710219,-11.575201,-13.950959,11.724221,-1.3546247,1.2880594,15.023954,5.087723,7.346299,1.1135324,-7.435927,-9.294294,1.733201,-2.602625,5.7027893,-17.531506,-0.367283,18.847523,8.924623,-0.7927483,-7.973694,-0.31212568,1.3332375,-12.824809,-2.1868637,-3.6522377,16.357964,-6.152761,4.399329,-0.05859258,-2.764369,6.80406,3.5788205,3.8078203,13.918044,9.959335,2.9389977,-10.503953,-3.9435244,6.9030843,-6.445963,-1.6460687,11.945686,-6.1853757,2.0633233,-5.036987,-4.3975534,-8.317835,3.8903246,2.6643496,-8.98503,-6.3691974,-7.444294,-14.054816,-10.056254,-9.621774,4.33865,-0.6633069,-9.527539,8.5243,8.428162,-10.88966,-8.504098,-0.46449962,-7.6147513,-3.2514637,3.6675813,6.7059712,11.621755,-4.849904,1.9427668,0.61957616,-6.5566587,-12.4922905,-5.1947603,3.7159843,-17.811323,3.778016,2.5060842,-4.8225503,-7.6326303,8.968988,6.9177737
177,Exeggcute,SSP,1,Basic Pokémon,,None/Missing,,30.0,{G},{R},,1.0,Precocious Evolution,●,0.0,"If you go first, you can use this attack during your first turn. Search your deck for a card that evolves from this Pokémon and put it onto this Pokémon to evolve it. Then, shuffle your deck.",1,3,7,7,0.14966144,-5.6547837,1.7564707,-1.4772964,0.65526396,5.1908298,6.060517,7.916122,-4.7567697,6.7288814,1.3211613,-10.894059,-3.8781965,-6.8608713,-2.310742,1.1468457,13.514319,-3.562109,-3.432856,-1.6640059,-0.2524077,-2.4834154,4.7714186,-14.9989805,7.301915,7.7798023,-1.6639742,2.150969,-9.380683,-6.268447,-5.848812,2.3893378,5.558183,2.2793036,-0.3204854,28.433567,-4.77483,-4.4600024,16.89124,-1.6582744,0.62522715,-1.0152655,-1.699497,15.526016,-0.55657136,-3.7003152,-15.190846,15.324683,-3.0912588,2.4362588,8.8427105,6.508473,-12.045484,4.460249,-0.9515991,-11.064847,6.286925,-3.6428494,-6.4065285,-3.7809882,11.2965,3.8767037,9.065083,3.1989398,10.069397,-0.53943133,4.489388,-2.5236228,1.2118362,-2.23625,-2.335333,-1.9511127,0.81692916,1.376424,5.255672,11.824944,4.1259427,5.71037,-3.9724777,-5.738595,4.6758275,10.0735655,-8.126248,-6.6910353,7.3807936,-9.7756,6.200158,-10.066685,16.615559,5.5471735,-0.055743627,-19.56806,28.210133,4.453319,4.7838316,0.27657905,6.128981,-6.8833017,-2.7478824,-6.108911,-2.916027,7.4898233,1.839866,-5.4485207,3.5915892,-4.6156583,-1.086434,-2.1449854,-8.848339,-11.423028,7.5710144,3.5904765,0.40125003,-2.6524177,-9.000415,0.3145383,3.0904887,-7.428319,-13.374788,-2.31373,8.242437,-4.446388,4.054921,-5.686798,-4.6888647,1.3801068,1.1022844,-3.686706
718,Centiskorch,MEG,30,Stage 1 Pokémon,,None/Missing,Sizzlipede,140.0,{R},{W},,3.0,Heat Crawler,{R}{R}●●,140.0,,6,3,11,8,-1.3759589,0.6161279,-1.4562986,3.0669184,-0.45594797,-5.5024633,1.3680568,0.4748951,-4.85482,0.14505936,2.2774262,-0.23072843,0.3431658,1.1930455,4.25563,-0.15372227,2.8467195,-0.99728346,-2.7471836,-1.4963557,-0.54996234,-1.2573247,-0.75671494,-2.2865942,3.097346,-0.52413505,-0.7503207,1.8198404,2.3629029,-1.0723027,0.018817276,-0.8378347,1.4319068,2.463011,-6.0146046,11.292765,0.65577096,4.6321673,3.6306574,0.82192,0.42181882,-2.1553185,-0.70904243,3.7374163,0.5789729,5.002913,-3.0280042,2.8598568,-2.749522,-0.09350577,7.793286,-3.435288,-4.2417197,1.5388377,0.39722297,4.7107997,0.13536334,-0.9285856,1.0872455,1.2030069,4.1517134,-0.19318299,1.1262798,0.08299026,-0.15227596,0.7184519,0.06684993,1.1471707,7.43243,2.4554691,0.13289551,-3.353343,-2.1425383,-2.0061777,1.4138622,2.4264088,1.7469093,0.1487453,-0.39050093,0.08510097,-4.4580665,1.3459696,-1.6348337,-0.091689,-0.42666444,5.493217,1.4813297,-4.697564,1.058104,-0.21966153,-1.706447,-4.6922655,2.8316865,-0.77233297,-0.16157074,0.42921123,-0.7932743,-0.3338605,1.3366103,-1.0855653,-0.25592873,0.67394793,-0.32429552,2.3826854,3.3287008,-2.9959726,-0.41835776,-0.26114753,-0.7688904,0.19387409,4.20512,-2.173279,-2.283388,-3.591997,-1.1467361,-0.8262101,-4.1806154,-3.5329762,7.567956,-2.7520092,4.3587666,-0.4113333,2.9915867,-1.2953101,-1.4279542,-1.0180625,-0.57897156,0.6857064
102,Milotic,TWM,50,Stage 1 Pokémon,,None/Missing,Feebas,120.0,{W},{L},,1.0,[Ability] Mentally Calm,,0.0,Your opponent’s Pokémon in play and all attached cards can’t be put into your opponent’s hand.,6,3,13,4,-0.87794244,0.5027887,0.06603651,0.6874737,-0.47541824,0.1521256,0.50256777,-0.20559393,-3.5131998,-0.23467813,-1.3460097,-1.2192029,0.2822049,-1.060132,2.7668014,1.0852017,5.793081,1.4401283,-3.0344698,-1.0948492,2.4443777,-1.6949192,0.18263891,0.5938631,-0.12558973,-1.7845495,-0.31545818,0.2743027,-0.24640135,-1.3554722,1.64906,0.26290223,3.1173332,0.28074515,-3.7619455,9.659418,0.76019335,3.553273,3.9832213,0.7911878,1.2497936,-0.7864088,-1.1749177,2.663848,0.5105702,6.298157,-2.8167915,-0.16338956,-4.2891784,1.1536415,6.523772,0.3463006,-1.3529509,2.8367026,1.5443251,-2.6071818,-1.4655964,-1.4506516,1.8002832,3.3972664,4.3857203,-0.31391224,0.22934206,1.0530074,1.4498862,0.5834655,-1.2240306,-0.27116156,3.526476,2.684028,-1.2067816,-0.6194906,-1.242779,-2.0471284,1.5744042,1.4666114,0.7879794,0.034565568,2.0096612,0.6764692,-0.76242,0.42329633,0.54042166,-0.07117478,-2.2363164,2.1810613,1.5972292,-3.9006886,-1.137842,0.38963938,-1.3245006,-5.210099,2.647222,-0.0950555,-1.0766585,0.84293675,-4.698641,-0.01312069,-1.7449499,-1.2126826,-0.6689954,0.060722332,0.46271998,4.3781805,0.7895865,-1.8155088,0.646373,-2.5976095,-1.0972847,1.0914644,7.3899374,-1.1190085,0.2692299,-2.4781594,-0.41284472,0.112445556,0.7002918,-2.1710124,2.9819095,-6.2739954,4.69308,-0.3452734,1.812707,0.8300822,-1.5418341,-2.3912156,0.7658044,-1.8689609
42,Applin,TWM,126,Basic Pokémon,,None/Missing,,40.0,竜,None/Missing,,1.0,Rolling Tackle,{G}{R},30.0,,1,3,14,0,0.24272905,1.6807475,-2.2838683,3.5617628,0.9122251,2.9850683,0.69622225,0.66506624,-7.1180797,1.1038246,5.308988,-0.9874732,-1.3710037,1.2437052,3.262436,2.0497994,3.1261256,2.9416885,-1.8951268,-0.24488953,1.4591833,-0.18557516,1.4732703,1.008789,4.0316796,-2.3768451,-3.2570174,0.65132624,-1.0793755,-2.0820525,-3.7578244,3.6968827,2.5965471,1.780812,1.2195324,10.19114,2.618053,1.4917912,2.6509798,2.1897798,-1.7514207,-0.3478941,4.7751184,3.4729013,1.3842965,-2.9214103,2.5440352,4.7851095,1.8748772,2.4129438,1.7408015,-1.2158988,-3.6112766,2.1135108,2.0944428,0.8668193,2.1236808,0.26387152,-0.31247196,2.8101313,0.8340596,1.8389212,-0.7938089,-1.2377882,-1.8133551,0.8300281,-1.919472,1.5076823,2.2533257,-1.1893615,-0.18601707,-4.615921,-5.937627,-0.98436385,-0.15744363,1.0067216,0.28477034,-2.7011602,-3.0534494,-3.2463415,-3.9420786,1.9567133,-2.0867655,-1.0589035,1.7148345,1.8033354,-0.30016956,-5.187338,5.64797,0.92812246,0.6393122,-4.6864877,5.236383,2.3697803,-2.785926,-3.9659665,-2.3247306,0.7653747,2.0090985,-1.1772275,1.316937,-0.4627869,-2.7743056,-5.7579007,1.7033548,-8.74926,-2.2018077,-0.19377369,-0.4298086,-0.6452461,5.519507,-3.271105,-0.67542124,0.5120691,-7.8836784,-1.6851133,-0.22309047,-4.6484213,5.986856,-3.6430583,4.316765,0.9429258,-1.5857675,-2.8691723,-0.9473201,-2.3114936,2.3714764,-3.789198
652,Mega Venusaur ex,MEG,3,Stage 2 Pokémon,Mega Pokémon ex,None/Missing,Ivysaur,380.0,{G},{R},,4.0,[Ability] Solar Transfer,,0.0,"As often as you like during your turn, you may use this Ability. Move a Basic {G} Energy from 1 of your Pokémon to another of your Pokémon.",7,3,7,7,-2.9058847,-2.1137373,-2.103484,-5.9399147,-0.3809811,4.8651376,0.07404013,1.0872478,-0.37970692,-2.388972,-2.495521,-2.5454364,6.4968824,1.7760179,3.2114735,2.4005873,6.055853,4.405365,-2.788922,1.5786508,1.3925552,-1.1206492,-3.181848,2.4288456,0.60315025,-5.3811626,-0.60763097,0.67155373,-1.9197838,-0.41877636,-2.9901319,0.18760268,4.6600027,0.22314344,-11.343402,10.177658,-1.1374909,0.021102095,5.678594,0.07478209,3.0873835,-5.4135957,-1.4504367,2.6019971,1.4639871,9.760656,-9.211628,0.38584635,-4.809926,4.7351975,9.0925865,-3.782363,-1.3396571,4.037876,3.278207,1.3901415,-3.349217,-2.8967066,-0.21571393,2.8930988,3.2771943,0.7383531,3.270707,3.4545977,4.4541035,2.8598316,-1.3372886,-3.2214723,19.050426,2.7550583,-2.1259208,-5.7434616,-0.2611722,-6.0873575,0.100083865,2.8954222,3.962362,-0.76095784,4.5918303,5.5316086,-11.466493,1.5957509,-4.2610064,0.14890361,-3.2831156,3.7910886,1.149163,-5.857741,-3.1547782,-1.5195423,-0.58939844,-6.506506,3.3095198,-0.5547802,-1.6669465,-0.7740928,2.1410995,-1.2962741,0.7157707,-0.8910533,-4.8069596,-0.4788621,0.28183603,-0.59193474,0.4615629,-0.74637306,-0.44966486,-1.7251083,-2.703368,-2.425466,4.7081356,-0.9818867,-3.9495919,-2.1627643,-1.4306062,-0.95175785,-0.6967802,-5.951285,3.1678627,-3.3072498,6.9351025,-0.7300215,1.945012,-2.3163006,-2.3927083,-3.2260997,1.5720333,-2.235996
162,Slowpoke,SCR,57,Basic Pokémon,,None/Missing,,80.0,{P},{D},{F},2.0,Tackle,{P}●,30.0,,1,3,10,1,-1.378644,3.6049316,-0.85350037,3.8078568,0.34799623,-5.6762424,0.844156,-0.7145795,-5.377494,1.1510679,2.2037396,0.66186893,0.52894825,-0.059193064,4.883196,-0.37736654,3.8861272,3.9638655,-1.7200108,-1.9110678,0.81111735,-2.8455784,1.9436759,0.6510017,1.3626536,-1.078863,-0.445245,1.209582,1.1296365,0.6484311,-1.72133,-1.5999253,2.2916238,2.146793,-4.29533,12.133867,2.0914114,5.3329062,4.3090706,0.25170374,-1.1769462,-2.4603534,3.6307542,3.4080327,-1.4688427,8.607647,2.7643337,0.5528351,-1.4020863,-0.27261534,3.4846475,-4.9251833,-3.3620915,0.571051,0.92118204,0.6002134,1.8749796,-0.4967761,0.513891,2.1007898,1.1972528,1.2693295,0.0608038,0.009560654,-1.4679083,3.791705,-1.0107323,1.4214797,4.9647965,0.79264283,0.66858476,-3.7928984,-1.2110952,-6.348212,0.15150005,3.5722513,1.3357769,-0.9086698,-3.5531473,1.056093,-6.9802885,0.37479126,0.72017086,0.7615582,0.2492666,3.5340083,1.6924881,-6.4167314,0.012738644,0.5374913,-0.72482115,-2.156449,2.5384169,3.9563036,-0.075211845,0.49884817,-2.095245,0.027953705,-1.0190305,-2.3131607,3.5447,-1.3659668,1.6112977,0.60105866,1.576438,-7.8910728,0.71620125,-2.605401,-0.95919156,1.4736106,10.095903,-0.68577456,-2.385345,-1.731704,-2.2664993,1.0565832,-3.9156325,-2.8893058,5.028676,-5.3187857,3.438569,0.501996,0.8289623,-0.68471444,-1.8904716,-0.34397677,-0.07231061,1.5140598
1160,Heavy Baton,TEF,151,Pokémon Tool,,None/Missing,,0.0,None/Missing,None/Missing,,,,,0.0,"If the Pokémon this card is attached to has a Retreat Cost of exactly 4, is in the Active Spot, and is Knocked Out by damage from an attack from your opponent’s Pokémon, move up to 3 Basic Energy cards from that Pokémon to your Benched Pokémon in any way you like.",3,3,0,0,-11.069909,-9.253439,0.5433258,-10.6873665,2.1946547,-3.1443863,4.568218,-2.9382653,6.661788,-10.686825,-3.3331833,-0.33823678,3.0124543,3.9480884,-2.2608435,-2.0900981,-7.0186486,-4.3917866,11.124169,-0.32113484,-9.419627,-16.819382,-9.060841,11.546257,-12.051487,1.6524894,-5.5451403,5.318323,6.4564185,1.2253469,-0.32866183,-6.18334,14.451369,1.5642841,8.061345,-12.593906,4.822755,-5.0888677,-12.257947,-7.6832333,-5.205402,4.5342736,2.4366279,-3.360527,-11.507855,-9.1420355,-4.281057,-17.062756,6.857741,-9.479456,-4.90197,7.86325,9.174962,-1.9415588,-0.17685589,-3.9483583,-6.701796,0.74758303,-5.1727805,-15.016097,-12.614648,-0.52299726,21.554157,11.37777,4.0598907,1.1984849,1.2883165,3.7217407,-15.63922,1.9992311,-3.6465654,13.023278,-1.1522479,10.915465,-2.2183254,0.9398428,5.8296995,1.7142841,0.2504852,9.609413,9.175913,3.3213303,-6.754356,3.9178586,4.5490713,-11.92774,0.8866976,19.887964,0.48492533,1.3332268,0.3411173,-0.31310946,-2.4963665,-3.768061,6.315604,-6.496953,2.118355,-7.2172246,-10.191963,-12.874543,-4.4098444,7.9519324,1.6762395,-0.3299639,7.7977796,1.7739348,-9.581304,-10.340436,-6.2121763,-5.173803,-8.8045225,3.977957,1.1814451,13.54219,-6.2511044,0.36973265,4.8324065,-8.293165,-4.6075735,-1.6011014,1.3111405,-18.92124,0.6746172,3.1530185,-4.560996,-7.4923654,8.663878,5.247768
455,Team Rocket's Nidoking ex,DRI,119,Stage 2 Pokémon,Pokémon ex,Trainer's Pokémon（Team Rocket）,Team Rocket's Nidorino,330.0,{D},{F},,3.0,Kingly Impact,{D}{D}{D}●,240.0,,7,25,5,2,-1.6973004,-0.7844738,-2.9579487,-0.97703516,0.9134738,-5.574209,4.686736,0.4466407,-4.1948504,1.8973764,4.5826945,-2.0905592,4.336456,-0.72385734,8.172075,-0.65026045,2.3452585,-2.8400733,-5.2194366,0.5989766,-1.1422337,-1.4746544,-0.6518132,-2.3980067,4.7916555,3.1491058,-0.2518923,1.2326277,0.5259518,-0.49128556,-3.9169216,-2.5806472,3.279099,1.1802765,-9.598318,17.2718,-0.7573374,3.4879887,4.997669,1.802857,3.1863005,-4.24004,-3.9507246,5.444225,2.782243,7.3529997,-7.4428415,2.9800363,-4.0420103,4.2830825,14.35023,-9.001989,-5.5843935,2.7460082,3.243514,2.744892,-0.49662292,-2.2225459,0.8994418,1.3820122,5.769291,-1.4311476,1.8272302,1.7802563,-1.5811574,2.7850857,0.76417446,-0.19761346,18.379915,4.201724,-0.9136848,-6.1565833,-0.17435656,-5.9291005,1.0335569,3.445049,2.6874053,1.6024598,0.06597259,2.667332,-10.31573,-0.5536804,-2.8623357,-0.40585405,0.5463974,6.0092053,1.6546489,-9.199146,2.2130861,-2.2613916,-2.6940887,-5.763067,3.397392,-4.562891,1.2608095,0.34984952,2.3879204,-0.79911333,2.7922978,-0.9804571,-1.3228674,0.87942463,1.4349244,2.7384791,0.46264663,-3.460492,-1.4861448,0.07609603,-3.6647773,-0.863984,4.253966,-3.2626507,-4.1542935,-3.492149,-2.774081,-1.6185845,-9.978995,-5.098762,10.700983,0.10392044,5.542548,1.0403571,2.9998364,-3.6608868,-3.4010208,-1.283176,-1.3136125,-0.76714957
1248,Academy at Night,SFA,54,Stadium,,None/Missing,,0.0,None/Missing,None/Missing,,,,,0.0,"Once during each player’s turn, that player may put a card from their hand on top of their deck.",5,3,0,0,-11.328199,-17.151485,-0.6734402,-9.947892,2.283178,6.9119678,-1.768616,-4.2436094,8.3218355,-6.852485,-6.688661,1.0602967,-5.782533,0.51656324,-1.7069392,-5.1486106,-4.9870768,9.9801855,10.4371805,-3.215766,-1.6339704,-13.497601,-6.6742635,-14.220828,14.35308,-8.059381,-3.5926127,9.679732,-19.79672,3.782799,-1.2345821,-6.4761667,17.176655,13.526636,8.643468,-12.129,2.7998066,-3.9180932,-15.463807,-3.3641255,-2.7817988,0.20145886,-5.7490463,-10.616967,5.794081,-7.9014344,-11.56268,-9.204161,18.550177,4.4862843,-4.4133677,10.22258,13.192591,10.514061,2.4380932,-1.9004483,-9.113097,2.796794,-1.409765,19.116718,-20.815283,0.58558714,19.420351,8.8587675,-7.0487013,-4.76986,-2.6600323,-1.8950288,-9.056582,-3.5847456,-4.5092444,19.13368,-10.333745,10.811977,1.4238291,-4.2722816,6.3542075,5.227597,0.9234944,15.466021,5.356263,1.928086,-4.074571,-9.1191025,6.7054625,-0.13980335,-3.444903,20.35025,-9.488826,4.8237195,-12.078685,-0.271473,-6.487749,-3.5176373,-0.7395927,-11.712617,-10.855338,-6.802606,-18.93447,-8.264377,-8.90167,2.684054,-2.0115306,-14.882908,7.460191,5.787415,-17.267939,-6.321423,1.7290248,-2.3785696,-2.5540948,4.6829906,7.198896,9.408263,-5.039212,-2.0422063,3.4115527,-4.077196,-4.9514604,-3.8928175,4.283154,-15.670016,-2.6021729,1.2774228,-4.6616592,-12.14467,14.939375,0.8178201
889,Coalossal,ASC,120,Stage 2 Pokémon,,None/Missing,Carkol,180.0,{F},{G},,4.0,Bulky Bump,{F}●●●,220.0,Discard 3 Energy from this Pokémon.,7,3,6,3,-1.7426398,-0.8691293,-2.7359016,4.5469375,-1.1599206,-4.627505,1.8354532,1.0624084,-7.808585,-1.079188,2.6351652,-0.5843144,0.7528365,2.949285,4.2984114,0.558842,4.0207467,-1.9083315,-3.8190515,0.13911912,-1.4482473,-0.6340684,-1.7335229,-3.0101507,5.1731825,-1.0982505,-0.6697003,2.1001513,2.7957318,-2.0930862,0.8422137,-0.15116492,0.8763625,3.0635383,-8.664337,12.45904,0.492848,6.205929,4.1359963,0.8117619,-0.61184573,-2.7624469,-4.1123834,4.318033,1.2542131,3.3811007,-4.732294,5.3778076,-3.2977755,-1.4622396,8.721183,-2.7829483,-5.2247767,2.519861,0.9268594,10.595339,-0.3365692,-1.4821844,2.1017354,2.6481755,5.99442,-0.97931504,1.6696781,-1.0634702,1.1368523,0.47977692,0.48570406,2.5750604,10.225058,3.0753634,0.6986943,-4.0635185,-4.5738854,-1.3158551,2.0922425,2.834033,2.5235384,-0.1689663,0.3348202,-2.1479704,-5.52403,2.4395263,-1.8912855,-0.31083,-2.1702983,7.6710615,1.3380762,-4.966171,2.96402,-1.3170886,-2.651317,-6.2700233,4.4126883,-1.7453834,-0.21001644,-2.048972,-1.4968833,0.30168885,2.7470129,-0.97052544,-0.14288853,1.491549,-1.9621918,2.1695986,4.005002,-2.774367,-1.0741116,0.5526247,-1.6404104,-1.0325392,1.9451853,-2.710603,-4.0485663,-5.882804,-0.24742408,-2.1221638,-4.234563,-3.9473593,12.123745,-3.2140496,5.714073,-0.7482511,6.7494783,-2.8842633,-1.8564653,-0.37734467,-1.9746125,0.4001948
540,Krookodile,BLK,59,Stage 2 Pokémon,,None/Missing,Krokorok,170.0,{D},{G},,3.0,Cursed Slug,{D}{D}●,120.0,"If your opponent has 3 or fewer cards in their hand, this attack does 120 more damage.",7,3,5,3,-1.3568534,1.3165879,-1.3098198,1.2328749,0.44041014,-6.8295536,1.4191915,-0.65640694,-3.255919,1.4423048,2.542623,-0.5437346,0.70891064,-0.7090676,5.3053594,-0.87144524,2.660231,-1.7910708,-2.0088806,-1.8430351,-0.3127668,-1.7725366,0.34562957,-1.8868929,2.0522063,0.9815548,-0.88133645,0.91348296,2.2266634,0.56475174,-1.7204648,-1.7627577,1.8510445,1.3819714,-5.107609,12.312582,0.8471639,3.3697116,3.3676162,1.6397885,2.143991,-2.4571977,0.28368455,3.1183646,0.8855324,6.972865,-2.9839437,1.596644,-2.7224405,2.163688,9.204273,-6.105005,-3.725561,1.0819904,1.354265,0.20851186,0.5993137,-1.009995,0.5564076,-0.008320999,3.3736408,-0.78339875,1.2401729,0.9685918,-1.8728338,1.1741066,-0.06437205,-0.11752866,8.33597,2.4464676,0.1382272,-3.0789852,0.17761876,-3.0507534,0.39433572,3.3358922,1.2310227,0.85695493,-0.9636503,1.3955336,-4.8285747,-0.13735545,-1.9577223,0.41939855,0.835066,5.64046,1.6476511,-4.86466,0.29191226,-0.6820826,-0.86154133,-4.118449,1.4053344,-1.6166189,0.39408845,2.0320816,0.1465674,-0.37080905,1.490317,-1.355726,-0.015181168,0.41695738,0.94731194,2.4830697,2.1223578,-2.4333587,-0.22819902,-0.39875603,-1.4927098,0.19397423,5.7939277,-2.2030015,-1.8962088,-2.0037022,-1.6208618,-0.16223566,-6.3737545,-3.7932475,5.9941597,-0.7402493,3.8056438,-0.24100865,1.1088501,-1.3843012,-1.946135,-1.4203361,0.24570934,0.48939154
356,Ethan's Magcargo,DRI,36,Stage 1 Pokémon,,Trainer's Pokémon（Ethan）,Ethan's Slugma,130.0,{R},{W},,3.0,[Ability] Melt Away,,0.0,"If this Pokémon has no Energy attached, it has no Retreat Cost.",6,16,11,8,-0.6679353,0.35458422,-0.9902266,0.83139485,-0.7303839,2.664591,-0.23521034,0.87423235,-6.6616454,-0.46259212,-0.76582277,-2.0773342,2.372682,-1.048394,3.1868052,0.8299766,5.5948524,2.4113219,-2.238139,0.39601904,2.5628278,-0.66379493,0.44732574,0.5881717,0.044501547,-1.3239062,-0.5891895,0.3542394,-0.6347286,-0.45552734,2.5274165,0.48915538,3.155863,1.4562757,-2.7556121,9.167791,1.5253149,3.8313181,3.0346754,1.3237134,2.0055861,-1.5846454,-3.3079033,3.724459,1.1760464,3.7873096,-0.3520251,0.25578007,-4.524809,-0.14240041,7.1486063,1.83377,-1.4885542,2.3384519,2.125534,1.0638181,-0.81583554,0.40719312,1.7480841,3.7635164,5.609912,0.67074645,0.51362324,0.94071555,2.1032977,0.09176276,-0.9951789,1.0398887,2.510723,0.051062673,-1.6887417,-0.23144895,-4.222616,-1.4627818,1.544059,0.67977405,0.9490287,-0.85884655,0.9272335,0.16297941,-0.20263126,1.4733268,0.6184943,0.28048584,-2.235978,1.7425829,2.0368903,-2.9901881,-1.4149339,0.6625151,-0.27424133,-4.4483094,2.183411,-0.5048736,-1.2859691,-1.2945584,-4.4804273,0.9682663,-1.6119322,-1.2833657,0.086514555,0.11157307,-0.9338848,3.9066796,1.9554545,-3.1530128,1.0029662,-0.77130383,-1.245245,0.79224,3.830123,-2.3718472,-0.0032443344,-2.6780796,0.04408722,-0.59115213,-0.41987798,-1.5280719,3.9255214,-6.294138,4.3537655,-0.34347856,3.8222296,0.67804044,-1.0154659,-1.8315114,-0.94318837,-0.81153506
83,Farigiraf ex,TEF,108,Stage 1 Pokémon,Pokémon ex,Tera(Darkness),Girafarig,260.0,{D},{G},,2.0,[Ability] Armor Tail,,0.0,Prevent all damage done to this Pokémon by attacks from your opponent’s Basic Pokémon {ex}.,6,5,5,3,-1.2530763,-0.8218399,-2.3996022,-1.9375098,-0.30114087,4.0613437,0.89296246,0.5949172,-1.9105592,-2.1987193,-1.3036582,-1.7779636,3.5567472,1.1396259,3.7954118,1.7080202,5.399034,3.4334943,-2.54072,0.8195815,1.0178925,-0.39800677,-1.3050071,0.9219148,0.44536978,-2.8991532,-0.6491666,1.1075066,-2.111157,0.32161543,-0.35027614,0.33784315,3.8370426,-1.0095048,-6.0472016,8.315434,-1.3057138,1.5745621,3.4025083,0.40618807,2.281435,-3.617231,-2.6544945,2.448295,2.5347736,6.6884193,-5.556716,0.39089543,-3.2867355,1.5444903,6.656358,-3.0762677,-0.33886594,2.7590873,2.861355,1.2260239,-2.6486156,-1.6527675,0.8112572,2.9492292,3.3077557,-0.7073822,1.6100794,2.3923514,3.1426132,1.0548476,-1.2407047,-0.7456757,12.061529,2.1761618,-1.8496625,-1.3464186,-1.5360019,-4.034743,-0.13366958,1.5747765,2.1430848,-0.74031305,1.8930353,3.1816785,-6.04468,0.3978338,-2.1371584,-0.038031317,-3.6662343,2.8496175,0.5294586,-4.0553637,-1.8814774,-0.79230255,-2.1074443,-6.664854,3.1067333,-0.80490154,-0.4710712,-1.2174263,-0.6675843,-0.6660519,0.7616068,-0.5045717,-2.4666665,0.38537055,-1.0353639,-0.24288768,-0.85513854,0.8985863,-0.33478788,-0.6382995,-2.9041135,-2.4324179,3.2191348,-1.696138,-3.0196137,-2.2894204,0.8961919,-1.7051303,-1.1843101,-3.1226084,2.3866522,-2.8019032,5.61455,-1.0601166,3.3260345,-1.4882658,-2.2928636,-1.6678528,1.3768158,-3.1899178
416,Huntail,DRI,55,Stage 1 Pokémon,,None/Missing,Clamperl,110.0,{W},{L},,1.0,Wave Splash,{W}●●,80.0,,6,3,13,4,-1.7388393,2.5018003,-0.5433511,2.99358,0.10370685,-5.8618093,0.7563667,-0.6046823,-4.8547254,2.0071368,2.621593,-0.31157777,-0.26989922,-0.23233517,5.18766,-0.35588783,3.5393832,-0.734911,-1.763378,-2.4641366,-0.21688326,-1.9278866,0.89413744,-1.2036221,1.583938,0.70690256,-1.0285302,0.3081472,2.141691,0.08348555,-0.5733356,-0.3953509,1.3354701,1.787678,-4.5362883,11.2181425,1.7871947,4.390042,3.6523254,1.3479486,1.3525599,-2.0015876,1.2865888,3.6855764,0.2791795,5.814073,-0.84795326,1.2755772,-2.7241507,1.9743441,8.234483,-4.402871,-4.393118,0.8430199,0.9001523,0.024802357,1.090053,-0.620057,0.9344474,0.5374206,3.122304,-0.38865623,0.52776337,0.3619441,-1.9336544,1.2657456,-0.285667,0.62796307,5.026506,1.9368831,0.1690265,-3.174745,-1.4535087,-2.6698847,0.3264383,2.7120147,0.9582289,0.11861228,-1.4274162,0.3668669,-2.7440696,0.3565328,-0.7867135,0.39383894,0.25969186,4.9129686,2.1397824,-5.239619,0.48581737,-0.26783967,-0.6592309,-4.3471193,1.6042176,-0.20135607,-1.182537,2.3711488,-2.2684357,-0.16106571,0.731848,-1.6750594,0.78875214,-0.08200899,0.99419594,3.310318,2.8793254,-3.8830042,0.5966298,-0.5964502,-0.97017866,0.92398643,6.601691,-1.9376068,-1.6809145,-2.5283058,-2.1145833,0.542126,-4.7216825,-3.2199893,6.0967827,-3.5958223,3.1990328,-0.15357904,0.48424637,-0.6693946,-1.4086456,-1.8168617,0.7467799,1.0954726
223,PalossandEX,SSP,91,Stage 1 Pokémon,Pokémon ex,Tera(Stellar),Sandygast,280.0,{P},{D},{F},4.0,Barite Jail,{W}{P}{F},0.0,Put damage counters on each of your opponent’s Benched Pokémon until its remaining HP is 100.,6,11,10,1,-0.71157336,-0.74525696,-2.9265416,-1.8345395,-0.8358821,5.0701914,0.90425855,0.7223558,-3.138024,-2.0591872,-1.5993252,-2.0325027,3.253263,1.267262,4.7731705,1.915133,6.1108522,3.4272058,-2.6263828,1.1377605,1.1569318,0.13918735,-0.709304,0.4329275,0.73615474,-2.1991482,-0.4606041,1.1297843,-2.2106268,0.56535447,0.93808335,0.815659,4.0909348,-1.3312429,-5.8246546,8.727396,-1.5819508,1.9221094,3.3231385,0.39730293,3.1823351,-3.2369819,-4.8103657,3.4445574,3.3766892,5.471702,-5.8990064,0.119820245,-3.392311,1.3095653,7.3308525,-2.8157082,-0.4400015,2.8978648,3.2624812,1.620774,-2.8979895,-0.92056227,1.0245132,3.4596999,4.106097,-1.2184789,1.7440672,2.79914,3.4097986,0.16673285,-1.3657677,0.08942349,11.628005,1.7655514,-2.1786516,-0.9819685,-2.6118448,-4.0737715,-0.08217015,1.35471,1.7444504,-0.6795811,1.6486567,2.9354475,-5.900714,0.028661074,-2.3642483,-0.08768947,-4.3056393,2.7300668,0.34882745,-4.0973997,-2.2536767,-0.5146687,-2.31867,-7.604234,2.8885965,-1.6300237,-0.6858663,-1.7266719,-1.5436249,0.09955048,1.085405,-0.38397175,-2.4281828,0.5076791,-1.7840952,0.34378755,-1.024554,1.2258989,-0.07690564,-0.13827905,-3.3356237,-3.055518,1.7848997,-2.2840164,-2.8643286,-2.6016703,1.1970496,-2.2214296,-1.880019,-2.5211048,2.2392592,-2.8712149,5.7792087,-1.0126944,4.8220296,-1.4988844,-2.2597306,-1.239618,1.1606306,-3.5558665
725,Clawitzer,MEG,38,Stage 1 Pokémon,,None/Missing,Clauncher,130.0,{W},{L},,2.0,[Ability] Fall Back to Reload,,0.0,"Once during your turn, when this Pokémon moves from the Active Spot to your Bench, you may use this Ability. Attach up to 2 Basic {W} Energy cards from your hand to this Pokémon.",6,3,13,4,-0.96326745,0.40673727,-0.19330387,0.5493551,-0.31997067,0.16201578,0.51826,-0.19864513,-3.347355,-0.5046726,-1.211988,-1.1984794,0.5931231,-0.82573956,2.9528394,1.0489357,5.7581835,1.5821877,-2.8541107,-0.99656266,2.3786316,-1.6114717,0.12502357,0.6110531,0.07395292,-2.0795968,-0.3251912,0.30737182,-0.31795973,-1.162489,1.3771936,0.10097871,3.206619,0.23101719,-3.9329622,9.736783,0.69462717,3.406651,3.918297,0.823996,1.2953022,-1.073064,-1.1370354,2.4882395,0.577256,6.5252485,-3.025368,0.042204086,-4.2643948,1.2442241,6.5036707,0.09288864,-1.2541741,2.891036,1.6546985,-2.2282321,-1.6593846,-1.455118,1.7782987,3.2491016,4.1212096,-0.16672613,0.34708917,1.1127478,1.4701593,0.71300614,-1.3644388,-0.43915412,4.2999187,2.5556822,-1.2350054,-0.69178647,-1.2659088,-2.1736674,1.3726845,1.5609156,0.94803256,0.010503294,2.0211878,1.0360817,-1.3527696,0.58240694,0.21397315,-0.056391753,-2.3133485,2.2486956,1.5493443,-3.8721156,-1.1809044,0.33890846,-1.2635665,-5.308221,2.785547,-0.16868107,-1.0401614,0.6390208,-4.4702787,-0.11205653,-1.6012937,-1.1577176,-0.9078998,0.00659848,0.40138406,3.844359,0.88006127,-1.8053851,0.46434182,-2.4165854,-1.0479809,0.783153,7.1410885,-1.1579487,0.18002683,-2.4363437,-0.26699668,0.036008634,0.6583562,-2.2655382,3.066555,-6.0415306,4.9035435,-0.40502122,1.6886431,0.69098175,-1.5972191,-2.3839025,0.81101906,-1.952224
1009,Larry's Komala,ASC,175,Basic Pokémon,,Trainer's Pokémon（Larry）,,90.0,{C},{F},,2.0,[Ability] Lethargic Charge,,0.0,"Once during your turn, if this Pokémon is on your Bench, you may use this Ability. Attach an Energy card from your hand to your Active Larry’s Pokémon.",1,19,3,2,-1.9505055,1.2113054,-0.4861309,-0.9338693,1.0347586,3.633401,0.018642586,-0.08359309,-7.5324664,0.35772747,-0.1268732,-2.208221,5.2758923,-1.4469243,0.8865274,-0.5575404,4.6545734,1.4332775,-0.5161044,0.61953205,0.7612255,-1.3944478,-2.7306793,0.43590915,-1.1154901,0.015195361,-2.5486495,-0.8226554,-0.5017918,-0.002467713,-0.063826025,-1.738514,1.777209,1.6249723,-2.6803908,9.079852,2.8233202,0.12721555,3.5298123,2.1505594,1.1561873,-4.0747094,-0.43282676,3.8713057,-0.3645959,3.191311,3.6712112,0.42834353,-3.395896,0.31311533,6.5514016,0.19499664,-3.3490567,1.5502796,2.7548378,3.6139889,1.4282035,1.559355,1.7785952,3.2257087,4.99141,2.9696527,0.96530336,0.092638835,3.0047271,-1.230422,-1.0500752,1.0133659,5.204738,-2.9324548,-0.12724835,-1.9899642,-3.9324353,-2.5435088,1.267281,-1.1701223,1.2082497,-2.7687664,-1.4181088,-0.3907436,-0.5156183,2.7992303,0.28659794,1.3655086,1.0512265,1.141576,1.5785393,-1.4582843,-0.52712435,0.8884828,1.2841727,-1.3599654,1.7871749,4.3040967,0.4153823,-1.6039797,2.443609,0.06321234,-0.9002209,-2.488727,2.4192858,0.6306798,0.10602199,1.9787074,2.9529676,-3.442181,0.068193644,1.1392483,-2.8570993,0.8903714,1.1665765,-3.0407245,-0.6735212,-1.8203825,-0.45150283,-0.34550864,-5.2648664,-2.1034966,3.2848794,-3.3014889,2.2352805,-0.3533149,6.1196375,-1.5490143,-1.1414233,-0.4709961,-2.799479,2.7650745
766,Mega Diancie ex,PFL,41,Basic Pokémon,Mega Pokémon ex,None/Missing,,270.0,{P},{M},,1.0,[Ability] Diamond Coat,,0.0,This Pokémon takes 30 less damage from attacks (after applying Weakness and Resistance).,1,3,10,5,-2.1486769,-0.8735247,-3.2598476,-0.9950478,0.0146111995,1.9634057,0.38062447,1.2181522,-1.135373,-2.075977,-0.2541102,-1.1086726,5.288517,2.6552155,3.342412,1.4835613,3.6533813,4.825851,-2.475075,-0.1224093,0.91962403,-0.694932,-3.0549495,1.1416552,1.5898998,-4.115656,-0.8906074,2.2016852,-1.7263213,-0.6107879,-2.7176592,-0.92218447,3.4390361,0.37475288,-8.599005,8.83806,-1.1031575,1.2594998,4.0884995,-0.09778316,0.44682506,-3.9086442,0.15547946,2.05229,1.1810968,9.784956,-4.7722826,0.56831855,-2.666227,1.5081737,5.93831,-3.9609976,-1.0821394,2.531244,1.5875335,3.9510982,-2.1471322,-3.0608559,0.2753149,2.3532085,2.2789729,1.0330338,1.7151973,2.2662187,3.7159793,2.6232164,-1.5428646,-1.2513981,15.326413,2.9681284,-1.1991869,-2.4462411,-0.6040251,-4.52348,-0.69211006,2.8787932,2.6170182,-0.6048387,1.6228918,4.4238143,-8.363005,1.6003898,-2.0731945,0.09444537,-3.082176,2.8780532,0.7480784,-4.934571,-0.9072807,-0.79486406,-1.5114652,-6.0222397,4.7573047,1.030149,0.5485823,-1.6414942,1.4464213,-1.4363471,0.29502445,0.3282872,-2.3404436,-0.9049842,-0.4514718,-1.8993841,0.79419476,-0.8414687,-1.744592,-1.4178758,-2.417755,-1.3825758,4.36288,-0.5221993,-3.47104,-2.516661,2.071531,-0.4826667,-0.3225386,-4.9416213,2.6193697,-4.4171247,5.580812,-1.4550781,1.9545307,-1.5214059,-2.5068314,-2.2252884,0.7146131,-1.6737509
877,Rotom,ASC,92,Basic Pokémon,,None/Missing,,60.0,{P},{D},{F},1.0,Gadget Show,●●,30.0,This attack does 30 damage for each Pokémon Tool attached to all of your Pokémon.,1,3,10,1,-0.7527573,3.6416035,-0.74454427,4.1095467,0.45531037,-2.342406,0.53695357,-0.700671,-6.9457593,1.5695336,3.4932952,0.077869825,-0.4255347,0.3720244,4.241136,0.58814436,3.7568223,3.2440963,-1.7163054,-1.707218,1.4345385,-2.0011942,2.053311,1.1864612,1.8593259,-1.1472561,-1.6291953,0.97228503,1.0228704,-0.28421158,-2.3314915,0.6435361,2.002552,2.3615756,-2.4811392,11.461716,2.9716663,4.2080355,3.6601145,0.8121218,-1.3673872,-1.9911442,4.2576966,3.9264996,-0.60807663,3.7815213,3.90301,2.0884109,-0.19432561,0.69943875,3.0624573,-3.449694,-3.7686088,1.0099219,1.255339,0.67024964,2.3144126,0.2091865,-0.07688038,2.6810145,1.3543615,1.7305263,-0.9783463,-0.59197176,-1.7705792,3.1281917,-1.3465087,1.9491248,3.4309735,0.10718998,0.45433545,-4.655943,-3.3396275,-4.5015965,-0.15222025,2.3456533,0.63680273,-2.137001,-3.9456394,-1.2390603,-5.3619018,0.7761871,0.27499476,0.29011527,1.0828146,3.261694,1.1538112,-6.5131,2.0217102,0.83930457,-0.27759558,-2.551869,3.2131069,3.6154134,-1.6876092,-0.66525924,-1.995689,0.77590543,-0.073467426,-2.1528192,3.236223,-1.0059228,-0.09907899,-1.2404083,1.2430373,-8.9611225,0.16879058,-1.5919997,-0.71400213,1.3530122,8.603392,-2.0574143,-1.9075203,-0.8021068,-5.4431095,-0.12998231,-3.0590377,-3.2900145,5.7700634,-5.076908,3.1616697,0.8357343,0.5295971,-1.4380935,-1.4254667,-1.0612699,0.42540476,-0.028224183
1255,Postwick,JTG,154,Stadium,,None/Missing,,0.0,None/Missing,None/Missing,,,,,0.0,Attacks used by Hop’s Pokémon (both yours and your opponent’s) do 30 more damage to the opponent’s Active Pokémon (before applying Weakness and Resistance).,5,3,0,0,-11.328199,-17.151485,-0.6734402,-9.947892,2.283178,6.9119678,-1.768616,-4.2436094,8.3218355,-6.852485,-6.688661,1.0602967,-5.782533,0.51656324,-1.7069392,-5.1486106,-4.9870768,9.9801855,10.4371805,-3.215766,-1.6339704,-13.497601,-6.6742635,-14.220828,14.35308,-8.059381,-3.5926127,9.679732,-19.79672,3.782799,-1.2345821,-6.4761667,17.176655,13.526636,8.643468,-12.129,2.7998066,-3.9180932,-15.463807,-3.3641255,-2.7817988,0.20145886,-5.7490463,-10.616967,5.794081,-7.9014344,-11.56268,-9.204161,18.550177,4.4862843,-4.4133677,10.22258,13.192591,10.514061,2.4380932,-1.9004483,-9.113097,2.796794,-1.409765,19.116718,-20.815283,0.58558714,19.420351,8.8587675,-7.0487013,-4.76986,-2.6600323,-1.8950288,-9.056582,-3.5847456,-4.5092444,19.13368,-10.333745,10.811977,1.4238291,-4.2722816,6.3542075,5.227597,0.9234944,15.466021,5.356263,1.928086,-4.074571,-9.1191025,6.7054625,-0.13980335,-3.444903,20.35025,-9.488826,4.8237195,-12.078685,-0.271473,-6.487749,-3.5176373,-0.7395927,-11.712617,-10.855338,-6.802606,-18.93447,-8.264377,-8.90167,2.684054,-2.0115306,-14.882908,7.460191,5.787415,-17.267939,-6.321423,1.7290248,-2.3785696,-2.5540948,4.6829906,7.198896,9.408263,-5.039212,-2.0422063,3.4115527,-4.077196,-4.9514604,-3.8928175,4.283154,-15.670016,-2.6021729,1.2774228,-4.6616592,-12.14467,14.939375,0.8178201
1235,Waitress,ASC,215,Supporter,,None/Missing,,0.0,None/Missing,None/Missing,,,,,0.0,Look at the top 6 cards of your deck and attach a Basic Energy card you find there to 1 of your Pokémon. Shuffle the other cards back into your deck.,8,3,0,0,-4.951635,-23.793264,-1.0056845,-15.395793,-5.2275434,14.369236,-6.0147347,-5.033124,8.587033,-1.206366,-9.444692,3.3795528,-10.660955,-6.4714656,-2.583449,-7.763941,-13.094804,24.761723,4.822411,-8.94699,5.447085,-7.1047416,-5.4257565,-20.35474,30.059101,-11.803453,-8.724397,15.189835,-33.0156,-6.451072,-6.798261,-7.285272,23.864185,23.283253,13.914112,-8.162972,1.9463768,-8.721812,-27.77325,-7.9655447,0.98782134,-1.7557452,-8.326183,-14.698705,21.563675,-15.120314,-10.890382,-8.379869,27.833757,4.947649,-12.31544,7.9365864,26.941545,10.801099,7.54217,1.1455454,0.95481664,2.6730256,-0.35661206,40.425285,-25.281765,9.3496,22.580687,9.477348,-9.119644,-0.18628055,-2.3877501,-1.4758931,-7.297955,3.4505312,-8.697182,23.871662,-13.159484,17.440266,7.023157,-5.6828136,-0.5298477,2.5720599,-2.07613,16.501984,2.3055975,-5.131473,-0.51371366,-13.406627,10.257848,1.3427577,-2.598861,29.43033,-14.010789,-3.485645,-27.862928,5.440583,-3.7934964,-10.349476,-4.3385024,-18.422947,-13.764741,-2.6903238,-32.51767,-2.988258,-6.849492,0.2844401,-2.025645,-19.429985,5.1500077,6.2,-25.76709,-10.998438,-1.2378427,4.1151457,-0.68910766,4.757319,0.9608557,8.148804,-13.465948,-14.697578,6.698452,-9.113871,-0.36380723,0.46833256,9.591798,-7.449458,-5.1474953,-0.48521245,-12.216458,-23.452686,23.535269,-4.396106
1248,Academy at Night,SFA,54,Stadium,,None/Missing,,0.0,None/Missing,None/Missing,,,,,0.0,"Once during each player’s turn, that player may put a card from their hand on top of their deck.",5,3,0,0,-11.328199,-17.151485,-0.6734402,-9.947892,2.283178,6.9119678,-1.768616,-4.2436094,8.3218355,-6.852485,-6.688661,1.0602967,-5.782533,0.51656324,-1.7069392,-5.1486106,-4.9870768,9.9801855,10.4371805,-3.215766,-1.6339704,-13.497601,-6.6742635,-14.220828,14.35308,-8.059381,-3.5926127,9.679732,-19.79672,3.782799,-1.2345821,-6.4761667,17.176655,13.526636,8.643468,-12.129,2.7998066,-3.9180932,-15.463807,-3.3641255,-2.7817988,0.20145886,-5.7490463,-10.616967,5.794081,-7.9014344,-11.56268,-9.204161,18.550177,4.4862843,-4.4133677,10.22258,13.192591,10.514061,2.4380932,-1.9004483,-9.113097,2.796794,-1.409765,19.116718,-20.815283,0.58558714,19.420351,8.8587675,-7.0487013,-4.76986,-2.6600323,-1.8950288,-9.056582,-3.5847456,-4.5092444,19.13368,-10.333745,10.811977,1.4238291,-4.2722816,6.3542075,5.227597,0.9234944,15.466021,5.356263,1.928086,-4.074571,-9.1191025,6.7054625,-0.13980335,-3.444903,20.35025,-9.488826,4.8237195,-12.078685,-0.271473,-6.487749,-3.5176373,-0.7395927,-11.712617,-10.855338,-6.802606,-18.93447,-8.264377,-8.90167,2.684054,-2.0115306,-14.882908,7.460191,5.787415,-17.267939,-6.321423,1.7290248,-2.3785696,-2.5540948,4.6829906,7.198896,9.408263,-5.039212,-2.0422063,3.4115527,-4.077196,-4.9514604,-3.8928175,4.283154,-15.670016,-2.6021729,1.2774228,-4.6616592,-12.14467,14.939375,0.8178201
1215,Ethan's Adventure,DRI,165,Supporter,,None/Missing,,0.0,None/Missing,None/Missing,,,,,0.0,"Search your deck for up to 3 in any combination of Ethan’s Pokémon and Basic {R} Energy cards, reveal them, and put them into your hand. Then, shuffle your deck.",8,3,0,0,-4.951635,-23.793264,-1.0056845,-15.395793,-5.2275434,14.369236,-6.0147347,-5.033124,8.587033,-1.206366,-9.444692,3.3795528,-10.660955,-6.4714656,-2.583449,-7.763941,-13.094804,24.761723,4.822411,-8.94699,5.447085,-7.1047416,-5.4257565,-20.35474,30.059101,-11.803453,-8.724397,15.189835,-33.0156,-6.451072,-6.798261,-7.285272,23.864185,23.283253,13.914112,-8.162972,1.9463768,-8.721812,-27.77325,-7.9655447,0.98782134,-1.7557452,-8.326183,-14.698705,21.563675,-15.120314,-10.890382,-8.379869,27.833757,4.947649,-12.31544,7.9365864,26.941545,10.801099,7.54217,1.1455454,0.95481664,2.6730256,-0.35661206,40.425285,-25.281765,9.3496,22.580687,9.477348,-9.119644,-0.18628055,-2.3877501,-1.4758931,-7.297955,3.4505312,-8.697182,23.871662,-13.159484,17.440266,7.023157,-5.6828136,-0.5298477,2.5720599,-2.07613,16.501984,2.3055975,-5.131473,-0.51371366,-13.406627,10.257848,1.3427577,-2.598861,29.43033,-14.010789,-3.485645,-27.862928,5.440583,-3.7934964,-10.349476,-4.3385024,-18.422947,-13.764741,-2.6903238,-32.51767,-2.988258,-6.849492,0.2844401,-2.025645,-19.429985,5.1500077,6.2,-25.76709,-10.998438,-1.2378427,4.1151457,-0.68910766,4.757319,0.9608557,8.148804,-13.465948,-14.697578,6.698452,-9.113871,-0.36380723,0.46833256,9.591798,-7.449458,-5.1474953,-0.48521245,-12.216458,-23.452686,23.535269,-4.396106
1117,Potion,SVI,188,Item,,None/Missing,,0.0,None/Missing,None/Missing,,,,,0.0,Heal 30 damage from 1 of your Pokémon.,2,3,0,0,-10.618849,-4.344541,-4.034,-11.355403,8.3451395,-5.3261323,7.912244,0.093139805,3.3217502,-12.414599,-1.3055091,2.4455762,3.4092062,6.9494176,-2.3295076,0.8490596,-9.502302,-14.923409,9.306709,2.004214,-12.031564,-9.01096,-6.125006,23.368507,-26.44888,2.8405504,-5.0645323,-1.1637528,18.31558,0.9641727,-10.073348,-10.310276,6.317713,-10.777206,13.807666,-9.217746,1.6091954,-9.734009,-14.949673,-10.010679,-4.921318,3.7673178,7.833709,-2.0891073,-16.809095,-12.772342,8.720642,-18.956745,3.353804,-12.559061,-8.91238,5.163739,11.495622,-16.288359,3.7845838,-2.3279634,0.43160492,3.0178595,-2.4253778,-34.794846,-9.91587,1.7143563,21.253302,10.573965,5.2148395,9.4037895,-0.87780356,3.643205,-14.043404,-1.3122802,-5.08117,12.712822,1.0811702,16.978086,-10.630722,3.1114614,3.8531458,-2.781988,-4.818499,7.257992,5.122836,2.7069216,-1.8603436,10.64954,0.57980996,-14.929947,-4.7861576,22.401823,5.4859743,-5.233361,1.6019515,4.316993,1.8360684,-13.891184,10.07397,-7.186027,7.801928,-7.9353666,-2.4723892,-14.077908,-2.4653158,12.775145,3.597344,1.984525,5.8182583,0.70402884,-7.641147,-8.386175,-12.454049,2.5971818,-15.708347,-2.1536007,-12.497202,14.365911,-6.0906086,-4.7732506,7.852934,-5.1906214,-2.1522777,2.3626885,0.8736295,-14.263484,-0.057421155,2.8599157,-2.2317717,-8.842791,7.4146104,6.6710987
1206,Larry’s Skill,PRE,115,Supporter,,None/Missing,,0.0,None/Missing,None/Missing,,,,,0.0,"Discard your hand and search your deck for a Pokémon, a Supporter card, and a Basic Energy card, reveal them, and put them into your hand. Then, shuffle your deck.",8,3,0,0,-4.951635,-23.793264,-1.0056845,-15.395793,-5.2275434,14.369236,-6.0147347,-5.033124,8.587033,-1.206366,-9.444692,3.3795528,-10.660955,-6.4714656,-2.583449,-7.763941,-13.094804,24.761723,4.822411,-8.94699,5.447085,-7.1047416,-5.4257565,-20.35474,30.059101,-11.803453,-8.724397,15.189835,-33.0156,-6.451072,-6.798261,-7.285272,23.864185,23.283253,13.914112,-8.162972,1.9463768,-8.721812,-27.77325,-7.9655447,0.98782134,-1.7557452,-8.326183,-14.698705,21.563675,-15.120314,-10.890382,-8.379869,27.833757,4.947649,-12.31544,7.9365864,26.941545,10.801099,7.54217,1.1455454,0.95481664,2.6730256,-0.35661206,40.425285,-25.281765,9.3496,22.580687,9.477348,-9.119644,-0.18628055,-2.3877501,-1.4758931,-7.297955,3.4505312,-8.697182,23.871662,-13.159484,17.440266,7.023157,-5.6828136,-0.5298477,2.5720599,-2.07613,16.501984,2.3055975,-5.131473,-0.51371366,-13.406627,10.257848,1.3427577,-2.598861,29.43033,-14.010789,-3.485645,-27.862928,5.440583,-3.7934964,-10.349476,-4.3385024,-18.422947,-13.764741,-2.6903238,-32.51767,-2.988258,-6.849492,0.2844401,-2.025645,-19.429985,5.1500077,6.2,-25.76709,-10.998438,-1.2378427,4.1151457,-0.68910766,4.757319,0.9608557,8.148804,-13.465948,-14.697578,6.698452,-9.113871,-0.36380723,0.46833256,9.591798,-7.449458,-5.1474953,-0.48521245,-12.216458,-23.452686,23.535269,-4.396106
1142,Fighting Gong,MEG,116,Item,,None/Missing,,0.0,None/Missing,None/Missing,,,,,0.0,"Search your deck for a Basic {F} Energy card or a Basic {F} Pokémon, reveal it, and put it into your hand. Then, shuffle your deck.",2,3,0,0,-10.618849,-4.344541,-4.034,-11.355403,8.3451395,-5.3261323,7.912244,0.093139805,3.3217502,-12.414599,-1.3055091,2.4455762,3.4092062,6.9494176,-2.3295076,0.8490596,-9.502302,-14.923409,9.306709,2.004214,-12.031564,-9.01096,-6.125006,23.368507,-26.44888,2.8405504,-5.0645323,-1.1637528,18.31558,0.9641727,-10.073348,-10.310276,6.317713,-10.777206,13.807666,-9.217746,1.6091954,-9.734009,-14.949673,-10.010679,-4.921318,3.7673178,7.833709,-2.0891073,-16.809095,-12.772342,8.720642,-18.956745,3.353804,-12.559061,-8.91238,5.163739,11.495622,-16.288359,3.7845838,-2.3279634,0.43160492,3.0178595,-2.4253778,-34.794846,-9.91587,1.7143563,21.253302,10.573965,5.2148395,9.4037895,-0.87780356,3.643205,-14.043404,-1.3122802,-5.08117,12.712822,1.0811702,16.978086,-10.630722,3.1114614,3.8531458,-2.781988,-4.818499,7.257992,5.122836,2.7069216,-1.8603436,10.64954,0.57980996,-14.929947,-4.7861576,22.401823,5.4859743,-5.233361,1.6019515,4.316993,1.8360684,-13.891184,10.07397,-7.186027,7.801928,-7.9353666,-2.4723892,-14.077908,-2.4653158,12.775145,3.597344,1.984525,5.8182583,0.70402884,-7.641147,-8.386175,-12.454049,2.5971818,-15.708347,-2.1536007,-12.497202,14.365911,-6.0906086,-4.7732506,7.852934,-5.1906214,-2.1522777,2.3626885,0.8736295,-14.263484,-0.057421155,2.8599157,-2.2317717,-8.842791,7.4146104,6.6710987
1201,Briar,SCR,132,Supporter,,None/Missing,,0.0,None/Missing,None/Missing,,,,,0.0,"You can use this card only if your opponent has exactly 2 Prize cards remaining.

During this turn, if your opponent’s Active Pokémon is Knocked Out by damage from an attack used by your Tera Pokémon, take 1 more Prize card.",8,3,0,0,-4.951635,-23.793264,-1.0056845,-15.395793,-5.2275434,14.369236,-6.0147347,-5.033124,8.587033,-1.206366,-9.444692,3.3795528,-10.660955,-6.4714656,-2.583449,-7.763941,-13.094804,24.761723,4.822411,-8.94699,5.447085,-7.1047416,-5.4257565,-20.35474,30.059101,-11.803453,-8.724397,15.189835,-33.0156,-6.451072,-6.798261,-7.285272,23.864185,23.283253,13.914112,-8.162972,1.9463768,-8.721812,-27.77325,-7.9655447,0.98782134,-1.7557452,-8.326183,-14.698705,21.563675,-15.120314,-10.890382,-8.379869,27.833757,4.947649,-12.31544,7.9365864,26.941545,10.801099,7.54217,1.1455454,0.95481664,2.6730256,-0.35661206,40.425285,-25.281765,9.3496,22.580687,9.477348,-9.119644,-0.18628055,-2.3877501,-1.4758931,-7.297955,3.4505312,-8.697182,23.871662,-13.159484,17.440266,7.023157,-5.6828136,-0.5298477,2.5720599,-2.07613,16.501984,2.3055975,-5.131473,-0.51371366,-13.406627,10.257848,1.3427577,-2.598861,29.43033,-14.010789,-3.485645,-27.862928,5.440583,-3.7934964,-10.349476,-4.3385024,-18.422947,-13.764741,-2.6903238,-32.51767,-2.988258,-6.849492,0.2844401,-2.025645,-19.429985,5.1500077,6.2,-25.76709,-10.998438,-1.2378427,4.1151457,-0.68910766,4.757319,0.9608557,8.148804,-13.465948,-14.697578,6.698452,-9.113871,-0.36380723,0.46833256,9.591798,-7.449458,-5.1474953,-0.48521245,-12.216458,-23.452686,23.535269,-4.396106
1193,Hassel,TWM,151,Supporter,,None/Missing,,0.0,None/Missing,None/Missing,,,,,0.0,"You can use this card only if any of your Pokémon were Knocked Out during your opponent’s last turn.

Look at the top 8 cards of your deck and put up to 3 of them into your hand. Shuffle the other cards back into your deck.",8,3,0,0,-4.951635,-23.793264,-1.0056845,-15.395793,-5.2275434,14.369236,-6.0147347,-5.033124,8.587033,-1.206366,-9.444692,3.3795528,-10.660955,-6.4714656,-2.583449,-7.763941,-13.094804,24.761723,4.822411,-8.94699,5.447085,-7.1047416,-5.4257565,-20.35474,30.059101,-11.803453,-8.724397,15.189835,-33.0156,-6.451072,-6.798261,-7.285272,23.864185,23.283253,13.914112,-8.162972,1.9463768,-8.721812,-27.77325,-7.9655447,0.98782134,-1.7557452,-8.326183,-14.698705,21.563675,-15.120314,-10.890382,-8.379869,27.833757,4.947649,-12.31544,7.9365864,26.941545,10.801099,7.54217,1.1455454,0.95481664,2.6730256,-0.35661206,40.425285,-25.281765,9.3496,22.580687,9.477348,-9.119644,-0.18628055,-2.3877501,-1.4758931,-7.297955,3.4505312,-8.697182,23.871662,-13.159484,17.440266,7.023157,-5.6828136,-0.5298477,2.5720599,-2.07613,16.501984,2.3055975,-5.131473,-0.51371366,-13.406627,10.257848,1.3427577,-2.598861,29.43033,-14.010789,-3.485645,-27.862928,5.440583,-3.7934964,-10.349476,-4.3385024,-18.422947,-13.764741,-2.6903238,-32.51767,-2.988258,-6.849492,0.2844401,-2.025645,-19.429985,5.1500077,6.2,-25.76709,-10.998438,-1.2378427,4.1151457,-0.68910766,4.757319,0.9608557,8.148804,-13.465948,-14.697578,6.698452,-9.113871,-0.36380723,0.46833256,9.591798,-7.449458,-5.1474953,-0.48521245,-12.216458,-23.452686,23.535269,-4.396106
1254,Levincia,JTG,150,Stadium,,None/Missing,,0.0,None/Missing,None/Missing,,,,,0.0,"Once during each player’s turn, that player may put up to 2 Basic {L} Energy cards from their discard pile into their hand.",5,3,0,0,-11.328199,-17.151485,-0.6734402,-9.947892,2.283178,6.9119678,-1.768616,-4.2436094,8.3218355,-6.852485,-6.688661,1.0602967,-5.782533,0.51656324,-1.7069392,-5.1486106,-4.9870768,9.9801855,10.4371805,-3.215766,-1.6339704,-13.497601,-6.6742635,-14.220828,14.35308,-8.059381,-3.5926127,9.679732,-19.79672,3.782799,-1.2345821,-6.4761667,17.176655,13.526636,8.643468,-12.129,2.7998066,-3.9180932,-15.463807,-3.3641255,-2.7817988,0.20145886,-5.7490463,-10.616967,5.794081,-7.9014344,-11.56268,-9.204161,18.550177,4.4862843,-4.4133677,10.22258,13.192591,10.514061,2.4380932,-1.9004483,-9.113097,2.796794,-1.409765,19.116718,-20.815283,0.58558714,19.420351,8.8587675,-7.0487013,-4.76986,-2.6600323,-1.8950288,-9.056582,-3.5847456,-4.5092444,19.13368,-10.333745,10.811977,1.4238291,-4.2722816,6.3542075,5.227597,0.9234944,15.466021,5.356263,1.928086,-4.074571,-9.1191025,6.7054625,-0.13980335,-3.444903,20.35025,-9.488826,4.8237195,-12.078685,-0.271473,-6.487749,-3.5176373,-0.7395927,-11.712617,-10.855338,-6.802606,-18.93447,-8.264377,-8.90167,2.684054,-2.0115306,-14.882908,7.460191,5.787415,-17.267939,-6.321423,1.7290248,-2.3785696,-2.5540948,4.6829906,7.198896,9.408263,-5.039212,-2.0422063,3.4115527,-4.077196,-4.9514604,-3.8928175,4.283154,-15.670016,-2.6021729,1.2774228,-4.6616592,-12.14467,14.939375,0.8178201
1085,Awakening Drum,TEF,141,Item,ACE SPEC,Ancient,,0.0,None/Missing,None/Missing,,,,,0.0,Draw a card for each of your Ancient Pokémon in play.,2,0,0,0,-7.449118,-16.947592,-0.10730408,-8.5505495,3.8433168,5.830874,1.3662692,-5.748771,7.6907663,-3.3402507,-5.1359353,1.0397598,-1.7566582,4.133775,-1.338534,-4.248333,-3.742177,7.8251476,16.449018,1.4770099,-0.42733136,-12.469711,-10.333507,-9.559313,11.584205,-4.921667,-4.7596684,13.815179,-13.198906,6.817215,-5.98545,-8.507463,16.470922,13.07575,9.566881,-11.6072,-0.8339095,-4.8361993,-14.038202,-3.3792322,-7.9040384,3.9709656,-3.8250365,-8.16689,5.4763236,-11.909184,-11.81647,-8.28403,15.877547,3.9128513,-4.648231,11.746926,11.869366,4.8501015,5.1694245,-1.0250192,-8.158159,6.9033604,-0.49770984,14.610408,-17.775902,4.103398,22.61111,8.345792,-2.0996103,-3.0083635,-8.202685,-7.8853464,-11.643122,-8.834766,-2.136661,17.119486,-7.746018,12.173521,1.9172814,-2.6777115,9.268407,10.770363,1.2006643,12.688471,6.1372476,2.5935872,-5.4298244,-6.446565,3.453192,-2.150214,3.9435966,18.171078,-4.5345545,3.2446272,-3.6136363,2.5060983,-9.6834135,-4.471695,-1.6268091,-16.563778,-9.356279,-8.683658,-12.178749,-5.5607686,-8.210514,0.54526967,-1.8375043,-10.995669,4.302123,1.5436069,-18.344004,-3.1481533,0.40314707,-5.1906505,-7.868945,2.708311,5.4053254,9.572063,-0.8557253,0.13214518,7.5576015,-2.2054076,-4.5718894,-1.3196722,4.499368,-20.79598,-3.5805898,2.6150465,1.8120409,-6.528092,11.659976,0.28969213
1146,Wondrous Patch,PFL,94,Item,,None/Missing,,0.0,None/Missing,None/Missing,,,,,0.0,Attach a Basic {P} Energy card from your discard pile to 1 of your Benched {P} Pokémon.,2,3,0,0,-10.618849,-4.344541,-4.034,-11.355403,8.3451395,-5.3261323,7.912244,0.093139805,3.3217502,-12.414599,-1.3055091,2.4455762,3.4092062,6.9494176,-2.3295076,0.8490596,-9.502302,-14.923409,9.306709,2.004214,-12.031564,-9.01096,-6.125006,23.368507,-26.44888,2.8405504,-5.0645323,-1.1637528,18.31558,0.9641727,-10.073348,-10.310276,6.317713,-10.777206,13.807666,-9.217746,1.6091954,-9.734009,-14.949673,-10.010679,-4.921318,3.7673178,7.833709,-2.0891073,-16.809095,-12.772342,8.720642,-18.956745,3.353804,-12.559061,-8.91238,5.163739,11.495622,-16.288359,3.7845838,-2.3279634,0.43160492,3.0178595,-2.4253778,-34.794846,-9.91587,1.7143563,21.253302,10.573965,5.2148395,9.4037895,-0.87780356,3.643205,-14.043404,-1.3122802,-5.08117,12.712822,1.0811702,16.978086,-10.630722,3.1114614,3.8531458,-2.781988,-4.818499,7.257992,5.122836,2.7069216,-1.8603436,10.64954,0.57980996,-14.929947,-4.7861576,22.401823,5.4859743,-5.233361,1.6019515,4.316993,1.8360684,-13.891184,10.07397,-7.186027,7.801928,-7.9353666,-2.4723892,-14.077908,-2.4653158,12.775145,3.597344,1.984525,5.8182583,0.70402884,-7.641147,-8.386175,-12.454049,2.5971818,-15.708347,-2.1536007,-12.497202,14.365911,-6.0906086,-4.7732506,7.852934,-5.1906214,-2.1522777,2.3626885,0.8736295,-14.263484,-0.057421155,2.8599157,-2.2317717,-8.842791,7.4146104,6.6710987
1209,Ruffian,JTG,157,Supporter,,None/Missing,,0.0,None/Missing,None/Missing,,,,,0.0,Discard a Pokémon Tool and a Special Energy from 1 of your opponent’s Pokémon.,8,3,0,0,-4.951635,-23.793264,-1.0056845,-15.395793,-5.2275434,14.369236,-6.0147347,-5.033124,8.587033,-1.206366,-9.444692,3.3795528,-10.660955,-6.4714656,-2.583449,-7.763941,-13.094804,24.761723,4.822411,-8.94699,5.447085,-7.1047416,-5.4257565,-20.35474,30.059101,-11.803453,-8.724397,15.189835,-33.0156,-6.451072,-6.798261,-7.285272,23.864185,23.283253,13.914112,-8.162972,1.9463768,-8.721812,-27.77325,-7.9655447,0.98782134,-1.7557452,-8.326183,-14.698705,21.563675,-15.120314,-10.890382,-8.379869,27.833757,4.947649,-12.31544,7.9365864,26.941545,10.801099,7.54217,1.1455454,0.95481664,2.6730256,-0.35661206,40.425285,-25.281765,9.3496,22.580687,9.477348,-9.119644,-0.18628055,-2.3877501,-1.4758931,-7.297955,3.4505312,-8.697182,23.871662,-13.159484,17.440266,7.023157,-5.6828136,-0.5298477,2.5720599,-2.07613,16.501984,2.3055975,-5.131473,-0.51371366,-13.406627,10.257848,1.3427577,-2.598861,29.43033,-14.010789,-3.485645,-27.862928,5.440583,-3.7934964,-10.349476,-4.3385024,-18.422947,-13.764741,-2.6903238,-32.51767,-2.988258,-6.849492,0.2844401,-2.025645,-19.429985,5.1500077,6.2,-25.76709,-10.998438,-1.2378427,4.1151457,-0.68910766,4.757319,0.9608557,8.148804,-13.465948,-14.697578,6.698452,-9.113871,-0.36380723,0.46833256,9.591798,-7.449458,-5.1474953,-0.48521245,-12.216458,-23.452686,23.535269,-4.396106
1252,Gravity Mountain,SSP,177,Stadium,,None/Missing,,0.0,None/Missing,None/Missing,,,,,0.0,Each Stage 2 Pokémon in play (both yours and your opponent’s) gets -30 HP.,5,3,0,0,-11.328199,-17.151485,-0.6734402,-9.947892,2.283178,6.9119678,-1.768616,-4.2436094,8.3218355,-6.852485,-6.688661,1.0602967,-5.782533,0.51656324,-1.7069392,-5.1486106,-4.9870768,9.9801855,10.4371805,-3.215766,-1.6339704,-13.497601,-6.6742635,-14.220828,14.35308,-8.059381,-3.5926127,9.679732,-19.79672,3.782799,-1.2345821,-6.4761667,17.176655,13.526636,8.643468,-12.129,2.7998066,-3.9180932,-15.463807,-3.3641255,-2.7817988,0.20145886,-5.7490463,-10.616967,5.794081,-7.9014344,-11.56268,-9.204161,18.550177,4.4862843,-4.4133677,10.22258,13.192591,10.514061,2.4380932,-1.9004483,-9.113097,2.796794,-1.409765,19.116718,-20.815283,0.58558714,19.420351,8.8587675,-7.0487013,-4.76986,-2.6600323,-1.8950288,-9.056582,-3.5847456,-4.5092444,19.13368,-10.333745,10.811977,1.4238291,-4.2722816,6.3542075,5.227597,0.9234944,15.466021,5.356263,1.928086,-4.074571,-9.1191025,6.7054625,-0.13980335,-3.444903,20.35025,-9.488826,4.8237195,-12.078685,-0.271473,-6.487749,-3.5176373,-0.7395927,-11.712617,-10.855338,-6.802606,-18.93447,-8.264377,-8.90167,2.684054,-2.0115306,-14.882908,7.460191,5.787415,-17.267939,-6.321423,1.7290248,-2.3785696,-2.5540948,4.6829906,7.198896,9.408263,-5.039212,-2.0422063,3.4115527,-4.077196,-4.9514604,-3.8928175,4.283154,-15.670016,-2.6021729,1.2774228,-4.6616592,-12.14467,14.939375,0.8178201
1186,Eri,TEF,146,Supporter,,None/Missing,,0.0,None/Missing,None/Missing,,,,,0.0,"Your opponent reveals their hand, and you discard up to 2 Item cards you find there.",8,3,0,0,-4.951635,-23.793264,-1.0056845,-15.395793,-5.2275434,14.369236,-6.0147347,-5.033124,8.587033,-1.206366,-9.444692,3.3795528,-10.660955,-6.4714656,-2.583449,-7.763941,-13.094804,24.761723,4.822411,-8.94699,5.447085,-7.1047416,-5.4257565,-20.35474,30.059101,-11.803453,-8.724397,15.189835,-33.0156,-6.451072,-6.798261,-7.285272,23.864185,23.283253,13.914112,-8.162972,1.9463768,-8.721812,-27.77325,-7.9655447,0.98782134,-1.7557452,-8.326183,-14.698705,21.563675,-15.120314,-10.890382,-8.379869,27.833757,4.947649,-12.31544,7.9365864,26.941545,10.801099,7.54217,1.1455454,0.95481664,2.6730256,-0.35661206,40.425285,-25.281765,9.3496,22.580687,9.477348,-9.119644,-0.18628055,-2.3877501,-1.4758931,-7.297955,3.4505312,-8.697182,23.871662,-13.159484,17.440266,7.023157,-5.6828136,-0.5298477,2.5720599,-2.07613,16.501984,2.3055975,-5.131473,-0.51371366,-13.406627,10.257848,1.3427577,-2.598861,29.43033,-14.010789,-3.485645,-27.862928,5.440583,-3.7934964,-10.349476,-4.3385024,-18.422947,-13.764741,-2.6903238,-32.51767,-2.988258,-6.849492,0.2844401,-2.025645,-19.429985,5.1500077,6.2,-25.76709,-10.998438,-1.2378427,4.1151457,-0.68910766,4.757319,0.9608557,8.148804,-13.465948,-14.697578,6.698452,-9.113871,-0.36380723,0.46833256,9.591798,-7.449458,-5.1474953,-0.48521245,-12.216458,-23.452686,23.535269,-4.396106
1188,Ciphermaniac’s Codebreaking,TEF,145,Supporter,,Future,,0.0,None/Missing,None/Missing,,,,,0.0,"Search your deck for 2 cards, shuffle your deck, then put those cards on top of it in any order.",8,2,0,0,-2.9368117,-27.560469,-0.44385278,-16.844467,-6.924697,16.240618,-7.0491285,-6.982073,9.610151,1.0643569,-9.970225,4.4510517,-11.884461,-7.359965,-2.2424147,-9.051542,-16.348045,28.867332,5.618123,-10.211753,7.6092963,-7.0898404,-8.689579,-22.83491,34.838997,-11.839648,-10.80813,19.006277,-37.38637,-7.9013724,-9.500304,-9.220351,27.412205,27.112478,16.100666,-7.9365177,1.0741951,-10.411294,-32.384212,-10.041846,0.5543009,-0.69958085,-9.107755,-16.51084,27.3408,-18.805708,-10.927985,-8.62519,31.582726,5.222846,-14.804628,8.124772,32.33893,10.498992,9.621831,2.0206544,3.1933835,4.4095407,0.13142173,46.42756,-27.388195,12.737748,26.214022,10.381894,-9.768245,1.2889642,-4.2831206,-2.499919,-8.117565,3.6598244,-9.830292,26.816679,-14.470883,20.48385,9.228834,-6.654484,-0.60072434,3.5118167,-2.9560454,17.279284,3.0370667,-6.777572,0.17802636,-14.766728,10.986988,1.8946363,-0.120296165,33.365227,-15.734174,-6.2409625,-33.349003,7.2625012,-3.9705653,-13.190361,-5.835631,-22.951582,-16.035397,-2.7503555,-36.968163,-2.1134217,-7.1014147,-1.0647585,-1.9714637,-21.400417,4.343005,7.1882463,-29.786701,-10.953655,-3.002666,5.3468127,-1.4438515,4.8576946,0.057512775,7.6529837,-14.795206,-17.234161,9.263667,-9.836182,1.0788227,1.8156976,11.839899,-8.258836,-6.2042055,0.05304384,-12.21216,-26.303988,26.699287,-6.7282343
1249,Grand Tree,SCR,136,Stadium,ACE SPEC,None/Missing,,0.0,None/Missing,None/Missing,,,,,0.0,"Once during each player’s turn, that player may search their deck for a Stage 1 Pokémon that evolves from 1 of their Basic Pokémon and put it onto that Pokémon to evolve it. If that Pokémon was evolved in this way, that player may search their deck for a Stage 2 Pokémon that evolves from that Pokémon and put it onto that Pokémon to evolve it. Then, that player shuffles their deck. (Players can’t evolve a Basic Pokémon during their first turn or a Basic Pokémon that was put into play this turn.)",5,3,0,0,-11.328199,-17.151485,-0.6734402,-9.947892,2.283178,6.9119678,-1.768616,-4.2436094,8.3218355,-6.852485,-6.688661,1.0602967,-5.782533,0.51656324,-1.7069392,-5.1486106,-4.9870768,9.9801855,10.4371805,-3.215766,-1.6339704,-13.497601,-6.6742635,-14.220828,14.35308,-8.059381,-3.5926127,9.679732,-19.79672,3.782799,-1.2345821,-6.4761667,17.176655,13.526636,8.643468,-12.129,2.7998066,-3.9180932,-15.463807,-3.3641255,-2.7817988,0.20145886,-5.7490463,-10.616967,5.794081,-7.9014344,-11.56268,-9.204161,18.550177,4.4862843,-4.4133677,10.22258,13.192591,10.514061,2.4380932,-1.9004483,-9.113097,2.796794,-1.409765,19.116718,-20.815283,0.58558714,19.420351,8.8587675,-7.0487013,-4.76986,-2.6600323,-1.8950288,-9.056582,-3.5847456,-4.5092444,19.13368,-10.333745,10.811977,1.4238291,-4.2722816,6.3542075,5.227597,0.9234944,15.466021,5.356263,1.928086,-4.074571,-9.1191025,6.7054625,-0.13980335,-3.444903,20.35025,-9.488826,4.8237195,-12.078685,-0.271473,-6.487749,-3.5176373,-0.7395927,-11.712617,-10.855338,-6.802606,-18.93447,-8.264377,-8.90167,2.684054,-2.0115306,-14.882908,7.460191,5.787415,-17.267939,-6.321423,1.7290248,-2.3785696,-2.5540948,4.6829906,7.198896,9.408263,-5.039212,-2.0422063,3.4115527,-4.077196,-4.9514604,-3.8928175,4.283154,-15.670016,-2.6021729,1.2774228,-4.6616592,-12.14467,14.939375,0.8178201
1152,Poké Pad,POR,81,Item,,None/Missing,,0.0,None/Missing,None/Missing,,,,,0.0,"Search your deck for a Pokémon that doesn’t have a Rule Box, reveal it, and put it into your hand. Then, shuffle your deck. (Pokémon {ex}, Pokémon {V}, etc. have Rule Boxes.)",2,3,0,0,-10.618849,-4.344541,-4.034,-11.355403,8.3451395,-5.3261323,7.912244,0.093139805,3.3217502,-12.414599,-1.3055091,2.4455762,3.4092062,6.9494176,-2.3295076,0.8490596,-9.502302,-14.923409,9.306709,2.004214,-12.031564,-9.01096,-6.125006,23.368507,-26.44888,2.8405504,-5.0645323,-1.1637528,18.31558,0.9641727,-10.073348,-10.310276,6.317713,-10.777206,13.807666,-9.217746,1.6091954,-9.734009,-14.949673,-10.010679,-4.921318,3.7673178,7.833709,-2.0891073,-16.809095,-12.772342,8.720642,-18.956745,3.353804,-12.559061,-8.91238,5.163739,11.495622,-16.288359,3.7845838,-2.3279634,0.43160492,3.0178595,-2.4253778,-34.794846,-9.91587,1.7143563,21.253302,10.573965,5.2148395,9.4037895,-0.87780356,3.643205,-14.043404,-1.3122802,-5.08117,12.712822,1.0811702,16.978086,-10.630722,3.1114614,3.8531458,-2.781988,-4.818499,7.257992,5.122836,2.7069216,-1.8603436,10.64954,0.57980996,-14.929947,-4.7861576,22.401823,5.4859743,-5.233361,1.6019515,4.316993,1.8360684,-13.891184,10.07397,-7.186027,7.801928,-7.9353666,-2.4723892,-14.077908,-2.4653158,12.775145,3.597344,1.984525,5.8182583,0.70402884,-7.641147,-8.386175,-12.454049,2.5971818,-15.708347,-2.1536007,-12.497202,14.365911,-6.0906086,-4.7732506,7.852934,-5.1906214,-2.1522777,2.3626885,0.8736295,-14.263484,-0.057421155,2.8599157,-2.2317717,-8.842791,7.4146104,6.6710987
1134,Team Rocket's Transceiver,DRI,178,Item,,None/Missing,,0.0,None/Missing,None/Missing,,,,,0.0,"Search your deck for a Supporter card that has “Team Rocket” in its name, reveal it, and put it into your hand. Then, shuffle your deck.",2,3,0,0,-10.618849,-4.344541,-4.034,-11.355403,8.3451395,-5.3261323,7.912244,0.093139805,3.3217502,-12.414599,-1.3055091,2.4455762,3.4092062,6.9494176,-2.3295076,0.8490596,-9.502302,-14.923409,9.306709,2.004214,-12.031564,-9.01096,-6.125006,23.368507,-26.44888,2.8405504,-5.0645323,-1.1637528,18.31558,0.9641727,-10.073348,-10.310276,6.317713,-10.777206,13.807666,-9.217746,1.6091954,-9.734009,-14.949673,-10.010679,-4.921318,3.7673178,7.833709,-2.0891073,-16.809095,-12.772342,8.720642,-18.956745,3.353804,-12.559061,-8.91238,5.163739,11.495622,-16.288359,3.7845838,-2.3279634,0.43160492,3.0178595,-2.4253778,-34.794846,-9.91587,1.7143563,21.253302,10.573965,5.2148395,9.4037895,-0.87780356,3.643205,-14.043404,-1.3122802,-5.08117,12.712822,1.0811702,16.978086,-10.630722,3.1114614,3.8531458,-2.781988,-4.818499,7.257992,5.122836,2.7069216,-1.8603436,10.64954,0.57980996,-14.929947,-4.7861576,22.401823,5.4859743,-5.233361,1.6019515,4.316993,1.8360684,-13.891184,10.07397,-7.186027,7.801928,-7.9353666,-2.4723892,-14.077908,-2.4653158,12.775145,3.597344,1.984525,5.8182583,0.70402884,-7.641147,-8.386175,-12.454049,2.5971818,-15.708347,-2.1536007,-12.497202,14.365911,-6.0906086,-4.7732506,7.852934,-5.1906214,-2.1522777,2.3626885,0.8736295,-14.263484,-0.057421155,2.8599157,-2.2317717,-8.842791,7.4146104,6.6710987
1249,Grand Tree,SCR,136,Stadium,ACE SPEC,None/Missing,,0.0,None/Missing,None/Missing,,,,,0.0,"Once during each player’s turn, that player may search their deck for a Stage 1 Pokémon that evolves from 1 of their Basic Pokémon and put it onto that Pokémon to evolve it. If that Pokémon was evolved in this way, that player may search their deck for a Stage 2 Pokémon that evolves from that Pokémon and put it onto that Pokémon to evolve it. Then, that player shuffles their deck. (Players can’t evolve a Basic Pokémon during their first turn or a Basic Pokémon that was put into play this turn.)",5,3,0,0,-11.328199,-17.151485,-0.6734402,-9.947892,2.283178,6.9119678,-1.768616,-4.2436094,8.3218355,-6.852485,-6.688661,1.0602967,-5.782533,0.51656324,-1.7069392,-5.1486106,-4.9870768,9.9801855,10.4371805,-3.215766,-1.6339704,-13.497601,-6.6742635,-14.220828,14.35308,-8.059381,-3.5926127,9.679732,-19.79672,3.782799,-1.2345821,-6.4761667,17.176655,13.526636,8.643468,-12.129,2.7998066,-3.9180932,-15.463807,-3.3641255,-2.7817988,0.20145886,-5.7490463,-10.616967,5.794081,-7.9014344,-11.56268,-9.204161,18.550177,4.4862843,-4.4133677,10.22258,13.192591,10.514061,2.4380932,-1.9004483,-9.113097,2.796794,-1.409765,19.116718,-20.815283,0.58558714,19.420351,8.8587675,-7.0487013,-4.76986,-2.6600323,-1.8950288,-9.056582,-3.5847456,-4.5092444,19.13368,-10.333745,10.811977,1.4238291,-4.2722816,6.3542075,5.227597,0.9234944,15.466021,5.356263,1.928086,-4.074571,-9.1191025,6.7054625,-0.13980335,-3.444903,20.35025,-9.488826,4.8237195,-12.078685,-0.271473,-6.487749,-3.5176373,-0.7395927,-11.712617,-10.855338,-6.802606,-18.93447,-8.264377,-8.90167,2.684054,-2.0115306,-14.882908,7.460191,5.787415,-17.267939,-6.321423,1.7290248,-2.3785696,-2.5540948,4.6829906,7.198896,9.408263,-5.039212,-2.0422063,3.4115527,-4.077196,-4.9514604,-3.8928175,4.283154,-15.670016,-2.6021729,1.2774228,-4.6616592,-12.14467,14.939375,0.8178201
1252,Gravity Mountain,SSP,177,Stadium,,None/Missing,,0.0,None/Missing,None/Missing,,,,,0.0,Each Stage 2 Pokémon in play (both yours and your opponent’s) gets -30 HP.,5,3,0,0,-11.328199,-17.151485,-0.6734402,-9.947892,2.283178,6.9119678,-1.768616,-4.2436094,8.3218355,-6.852485,-6.688661,1.0602967,-5.782533,0.51656324,-1.7069392,-5.1486106,-4.9870768,9.9801855,10.4371805,-3.215766,-1.6339704,-13.497601,-6.6742635,-14.220828,14.35308,-8.059381,-3.5926127,9.679732,-19.79672,3.782799,-1.2345821,-6.4761667,17.176655,13.526636,8.643468,-12.129,2.7998066,-3.9180932,-15.463807,-3.3641255,-2.7817988,0.20145886,-5.7490463,-10.616967,5.794081,-7.9014344,-11.56268,-9.204161,18.550177,4.4862843,-4.4133677,10.22258,13.192591,10.514061,2.4380932,-1.9004483,-9.113097,2.796794,-1.409765,19.116718,-20.815283,0.58558714,19.420351,8.8587675,-7.0487013,-4.76986,-2.6600323,-1.8950288,-9.056582,-3.5847456,-4.5092444,19.13368,-10.333745,10.811977,1.4238291,-4.2722816,6.3542075,5.227597,0.9234944,15.466021,5.356263,1.928086,-4.074571,-9.1191025,6.7054625,-0.13980335,-3.444903,20.35025,-9.488826,4.8237195,-12.078685,-0.271473,-6.487749,-3.5176373,-0.7395927,-11.712617,-10.855338,-6.802606,-18.93447,-8.264377,-8.90167,2.684054,-2.0115306,-14.882908,7.460191,5.787415,-17.267939,-6.321423,1.7290248,-2.3785696,-2.5540948,4.6829906,7.198896,9.408263,-5.039212,-2.0422063,3.4115527,-4.077196,-4.9514604,-3.8928175,4.283154,-15.670016,-2.6021729,1.2774228,-4.6616592,-12.14467,14.939375,0.8178201
1130,Arven's Sandwich,DRI,161,Item,,None/Missing,,0.0,None/Missing,None/Missing,,,,,0.0,"Heal 30 damage from your Active Pokémon. If that Pokémon is an Arven’s Pokémon, heal 100 damage from it instead.",2,3,0,0,-10.618849,-4.344541,-4.034,-11.355403,8.3451395,-5.3261323,7.912244,0.093139805,3.3217502,-12.414599,-1.3055091,2.4455762,3.4092062,6.9494176,-2.3295076,0.8490596,-9.502302,-14.923409,9.306709,2.004214,-12.031564,-9.01096,-6.125006,23.368507,-26.44888,2.8405504,-5.0645323,-1.1637528,18.31558,0.9641727,-10.073348,-10.310276,6.317713,-10.777206,13.807666,-9.217746,1.6091954,-9.734009,-14.949673,-10.010679,-4.921318,3.7673178,7.833709,-2.0891073,-16.809095,-12.772342,8.720642,-18.956745,3.353804,-12.559061,-8.91238,5.163739,11.495622,-16.288359,3.7845838,-2.3279634,0.43160492,3.0178595,-2.4253778,-34.794846,-9.91587,1.7143563,21.253302,10.573965,5.2148395,9.4037895,-0.87780356,3.643205,-14.043404,-1.3122802,-5.08117,12.712822,1.0811702,16.978086,-10.630722,3.1114614,3.8531458,-2.781988,-4.818499,7.257992,5.122836,2.7069216,-1.8603436,10.64954,0.57980996,-14.929947,-4.7861576,22.401823,5.4859743,-5.233361,1.6019515,4.316993,1.8360684,-13.891184,10.07397,-7.186027,7.801928,-7.9353666,-2.4723892,-14.077908,-2.4653158,12.775145,3.597344,1.984525,5.8182583,0.70402884,-7.641147,-8.386175,-12.454049,2.5971818,-15.708347,-2.1536007,-12.497202,14.365911,-6.0906086,-4.7732506,7.852934,-5.1906214,-2.1522777,2.3626885,0.8736295,-14.263484,-0.057421155,2.8599157,-2.2317717,-8.842791,7.4146104,6.6710987
1135,Energy Coin,BLK,81,Item,,None/Missing,,0.0,None/Missing,None/Missing,,,,,0.0,"Flip 2 coins. If both of them are heads, search your deck for a Basic Energy card and attach it to 1 of your Pokémon. Then, shuffle your deck.",2,3,0,0,-10.618849,-4.344541,-4.034,-11.355403,8.3451395,-5.3261323,7.912244,0.093139805,3.3217502,-12.414599,-1.3055091,2.4455762,3.4092062,6.9494176,-2.3295076,0.8490596,-9.502302,-14.923409,9.306709,2.004214,-12.031564,-9.01096,-6.125006,23.368507,-26.44888,2.8405504,-5.0645323,-1.1637528,18.31558,0.9641727,-10.073348,-10.310276,6.317713,-10.777206,13.807666,-9.217746,1.6091954,-9.734009,-14.949673,-10.010679,-4.921318,3.7673178,7.833709,-2.0891073,-16.809095,-12.772342,8.720642,-18.956745,3.353804,-12.559061,-8.91238,5.163739,11.495622,-16.288359,3.7845838,-2.3279634,0.43160492,3.0178595,-2.4253778,-34.794846,-9.91587,1.7143563,21.253302,10.573965,5.2148395,9.4037895,-0.87780356,3.643205,-14.043404,-1.3122802,-5.08117,12.712822,1.0811702,16.978086,-10.630722,3.1114614,3.8531458,-2.781988,-4.818499,7.257992,5.122836,2.7069216,-1.8603436,10.64954,0.57980996,-14.929947,-4.7861576,22.401823,5.4859743,-5.233361,1.6019515,4.316993,1.8360684,-13.891184,10.07397,-7.186027,7.801928,-7.9353666,-2.4723892,-14.077908,-2.4653158,12.775145,3.597344,1.984525,5.8182583,0.70402884,-7.641147,-8.386175,-12.454049,2.5971818,-15.708347,-2.1536007,-12.497202,14.365911,-6.0906086,-4.7732506,7.852934,-5.1906214,-2.1522777,2.3626885,0.8736295,-14.263484,-0.057421155,2.8599157,-2.2317717,-8.842791,7.4146104,6.6710987
1094,Bug Catching Set,TWM,143,Item,,None/Missing,,0.0,None/Missing,None/Missing,,,,,0.0,Look at the top 7 cards of your deck. You may reveal up to 2 in any combination of {G} Pokémon and Basic {G} Energy cards you find there and put them into your hand. Shuffle the other cards back into your deck.,2,3,0,0,-10.618849,-4.344541,-4.034,-11.355403,8.3451395,-5.3261323,7.912244,0.093139805,3.3217502,-12.414599,-1.3055091,2.4455762,3.4092062,6.9494176,-2.3295076,0.8490596,-9.502302,-14.923409,9.306709,2.004214,-12.031564,-9.01096,-6.125006,23.368507,-26.44888,2.8405504,-5.0645323,-1.1637528,18.31558,0.9641727,-10.073348,-10.310276,6.317713,-10.777206,13.807666,-9.217746,1.6091954,-9.734009,-14.949673,-10.010679,-4.921318,3.7673178,7.833709,-2.0891073,-16.809095,-12.772342,8.720642,-18.956745,3.353804,-12.559061,-8.91238,5.163739,11.495622,-16.288359,3.7845838,-2.3279634,0.43160492,3.0178595,-2.4253778,-34.794846,-9.91587,1.7143563,21.253302,10.573965,5.2148395,9.4037895,-0.87780356,3.643205,-14.043404,-1.3122802,-5.08117,12.712822,1.0811702,16.978086,-10.630722,3.1114614,3.8531458,-2.781988,-4.818499,7.257992,5.122836,2.7069216,-1.8603436,10.64954,0.57980996,-14.929947,-4.7861576,22.401823,5.4859743,-5.233361,1.6019515,4.316993,1.8360684,-13.891184,10.07397,-7.186027,7.801928,-7.9353666,-2.4723892,-14.077908,-2.4653158,12.775145,3.597344,1.984525,5.8182583,0.70402884,-7.641147,-8.386175,-12.454049,2.5971818,-15.708347,-2.1536007,-12.497202,14.365911,-6.0906086,-4.7732506,7.852934,-5.1906214,-2.1522777,2.3626885,0.8736295,-14.263484,-0.057421155,2.8599157,-2.2317717,-8.842791,7.4146104,6.6710987
1243,Perilous Jungle,TEF,156,Stadium,,None/Missing,,0.0,None/Missing,None/Missing,,,,,0.0,"During Pokémon Checkup, put 2 more damage counters on each Poisoned non-{D} Pokémon (both yours and your opponent’s).",5,3,0,0,-11.328199,-17.151485,-0.6734402,-9.947892,2.283178,6.9119678,-1.768616,-4.2436094,8.3218355,-6.852485,-6.688661,1.0602967,-5.782533,0.51656324,-1.7069392,-5.1486106,-4.9870768,9.9801855,10.4371805,-3.215766,-1.6339704,-13.497601,-6.6742635,-14.220828,14.35308,-8.059381,-3.5926127,9.679732,-19.79672,3.782799,-1.2345821,-6.4761667,17.176655,13.526636,8.643468,-12.129,2.7998066,-3.9180932,-15.463807,-3.3641255,-2.7817988,0.20145886,-5.7490463,-10.616967,5.794081,-7.9014344,-11.56268,-9.204161,18.550177,4.4862843,-4.4133677,10.22258,13.192591,10.514061,2.4380932,-1.9004483,-9.113097,2.796794,-1.409765,19.116718,-20.815283,0.58558714,19.420351,8.8587675,-7.0487013,-4.76986,-2.6600323,-1.8950288,-9.056582,-3.5847456,-4.5092444,19.13368,-10.333745,10.811977,1.4238291,-4.2722816,6.3542075,5.227597,0.9234944,15.466021,5.356263,1.928086,-4.074571,-9.1191025,6.7054625,-0.13980335,-3.444903,20.35025,-9.488826,4.8237195,-12.078685,-0.271473,-6.487749,-3.5176373,-0.7395927,-11.712617,-10.855338,-6.802606,-18.93447,-8.264377,-8.90167,2.684054,-2.0115306,-14.882908,7.460191,5.787415,-17.267939,-6.321423,1.7290248,-2.3785696,-2.5540948,4.6829906,7.198896,9.408263,-5.039212,-2.0422063,3.4115527,-4.077196,-4.9514604,-3.8928175,4.283154,-15.670016,-2.6021729,1.2774228,-4.6616592,-12.14467,14.939375,0.8178201
948,Pikachu,ASC,55,Basic Pokémon,,None/Missing,,70.0,{L},{F},,1.0,Tail Smack,{L},10.0,,1,3,8,2,-0.5650425,3.511637,-1.1064512,2.1418,0.76867545,-1.9854616,0.66489494,-1.0135387,-3.2795172,-0.14625527,0.38487735,0.0758131,-1.1465383,-0.22706822,2.6720107,-1.2516829,3.9673946,3.1918557,-1.9717857,-3.1260662,1.359361,-1.8128505,-1.0711957,-0.3722663,0.90832555,-0.12175688,-0.94524413,2.2133985,0.36283207,-1.5123339,-2.0528147,-2.4798913,2.6596959,-0.22719286,-3.09489,10.425676,1.3901355,1.8436372,4.2323265,0.9433181,-0.57084143,-2.371233,3.3370383,3.8029768,-1.8973901,8.835674,1.287852,1.622712,-1.3510265,-3.2933846,1.3992598,-6.2615614,-2.4510734,1.2430638,1.4023793,-3.4086525,2.6269493,-0.38075715,-0.7508519,0.49738145,3.7607918,0.41377476,1.0218545,-0.38986573,0.48734424,1.7291473,-0.62332654,0.59362465,5.733294,0.6061208,0.9418634,-2.1758394,0.91334563,-5.3263507,-1.4011974,3.0402436,0.7416223,-1.2310959,-4.4179907,-0.7159114,-4.55029,-0.9842095,-0.8696979,1.2071229,2.2030773,2.4752011,0.86557287,-4.4715977,3.3227437,1.0023185,-1.6473526,-5.51862,4.8023567,6.753921,4.4277267,-0.46443394,1.9886243,-0.97683465,0.10024659,-1.1802953,4.0225143,0.9841947,1.056575,-1.2730048,-1.310602,-0.7176874,0.7170817,-3.2568917,-2.7879393,-0.32595512,9.946056,-2.0278544,-1.1562248,-0.69243246,-0.5319268,0.35437143,-5.972993,-3.1500058,-0.11689877,-1.1756086,2.409236,0.735614,5.289975,-1.1192905,-2.534219,-0.11199389,1.4357814,-1.4320128
1218,Team Rocket's Giovanni,DRI,174,Supporter,,None/Missing,,0.0,None/Missing,None/Missing,,,,,0.0,"Switch your Active Team Rocket’s Pokémon with 1 of your Benched Team Rocket’s Pokémon. If you do, switch in 1 of your opponent’s Benched Pokémon to the Active Spot.",8,3,0,0,-4.951635,-23.793264,-1.0056845,-15.395793,-5.2275434,14.369236,-6.0147347,-5.033124,8.587033,-1.206366,-9.444692,3.3795528,-10.660955,-6.4714656,-2.583449,-7.763941,-13.094804,24.761723,4.822411,-8.94699,5.447085,-7.1047416,-5.4257565,-20.35474,30.059101,-11.803453,-8.724397,15.189835,-33.0156,-6.451072,-6.798261,-7.285272,23.864185,23.283253,13.914112,-8.162972,1.9463768,-8.721812,-27.77325,-7.9655447,0.98782134,-1.7557452,-8.326183,-14.698705,21.563675,-15.120314,-10.890382,-8.379869,27.833757,4.947649,-12.31544,7.9365864,26.941545,10.801099,7.54217,1.1455454,0.95481664,2.6730256,-0.35661206,40.425285,-25.281765,9.3496,22.580687,9.477348,-9.119644,-0.18628055,-2.3877501,-1.4758931,-7.297955,3.4505312,-8.697182,23.871662,-13.159484,17.440266,7.023157,-5.6828136,-0.5298477,2.5720599,-2.07613,16.501984,2.3055975,-5.131473,-0.51371366,-13.406627,10.257848,1.3427577,-2.598861,29.43033,-14.010789,-3.485645,-27.862928,5.440583,-3.7934964,-10.349476,-4.3385024,-18.422947,-13.764741,-2.6903238,-32.51767,-2.988258,-6.849492,0.2844401,-2.025645,-19.429985,5.1500077,6.2,-25.76709,-10.998438,-1.2378427,4.1151457,-0.68910766,4.757319,0.9608557,8.148804,-13.465948,-14.697578,6.698452,-9.113871,-0.36380723,0.46833256,9.591798,-7.449458,-5.1474953,-0.48521245,-12.216458,-23.452686,23.535269,-4.396106
1247,Neutralization Zone,SFA,60,Stadium,ACE SPEC,None/Missing,,0.0,None/Missing,None/Missing,,,,,0.0,"Prevent all damage done to Pokémon that don’t have a Rule Box (both yours and your opponent’s) by attacks from the opponent’s Pokémon {ex} and Pokémon {V}. (Pokémon {ex}, Pokémon {V}, etc. have Rule Boxes.)

This card can’t be put into your hand or deck from the discard pile.",5,3,0,0,-11.328199,-17.151485,-0.6734402,-9.947892,2.283178,6.9119678,-1.768616,-4.2436094,8.3218355,-6.852485,-6.688661,1.0602967,-5.782533,0.51656324,-1.7069392,-5.1486106,-4.9870768,9.9801855,10.4371805,-3.215766,-1.6339704,-13.497601,-6.6742635,-14.220828,14.35308,-8.059381,-3.5926127,9.679732,-19.79672,3.782799,-1.2345821,-6.4761667,17.176655,13.526636,8.643468,-12.129,2.7998066,-3.9180932,-15.463807,-3.3641255,-2.7817988,0.20145886,-5.7490463,-10.616967,5.794081,-7.9014344,-11.56268,-9.204161,18.550177,4.4862843,-4.4133677,10.22258,13.192591,10.514061,2.4380932,-1.9004483,-9.113097,2.796794,-1.409765,19.116718,-20.815283,0.58558714,19.420351,8.8587675,-7.0487013,-4.76986,-2.6600323,-1.8950288,-9.056582,-3.5847456,-4.5092444,19.13368,-10.333745,10.811977,1.4238291,-4.2722816,6.3542075,5.227597,0.9234944,15.466021,5.356263,1.928086,-4.074571,-9.1191025,6.7054625,-0.13980335,-3.444903,20.35025,-9.488826,4.8237195,-12.078685,-0.271473,-6.487749,-3.5176373,-0.7395927,-11.712617,-10.855338,-6.802606,-18.93447,-8.264377,-8.90167,2.684054,-2.0115306,-14.882908,7.460191,5.787415,-17.267939,-6.321423,1.7290248,-2.3785696,-2.5540948,4.6829906,7.198896,9.408263,-5.039212,-2.0422063,3.4115527,-4.077196,-4.9514604,-3.8928175,4.283154,-15.670016,-2.6021729,1.2774228,-4.6616592,-12.14467,14.939375,0.8178201
6,Basic {F} Energy,SVE,6,Basic Energy,,None/Missing,,0.0,{F},None/Missing,,,,,0.0,,0,3,6,0,-4.1073475,11.90626,-10.549,5.5343895,12.974934,3.9648588,6.4865103,12.956176,-16.57463,-1.5131885,-6.213615,-2.8707018,1.3316662,3.6956546,0.37394616,9.215258,8.920575,-19.497726,-14.404817,5.7797594,-3.4059134,-3.0714355,2.807532,28.742878,-36.09342,-0.91012865,-3.546912,1.7760576,24.32083,-7.5017653,-16.593908,-6.0930166,3.0343916,-9.322951,6.5816855,47.08368,-3.0255535,6.0565467,-3.2678058,-13.61903,-7.3099146,-6.0543237,10.3952675,19.56837,-11.692362,3.2343054,39.25913,-21.551561,-10.262538,-2.7071197,15.837715,15.012826,-5.421477,-29.701754,11.193256,-22.454788,14.741346,0.22712708,2.2610974,-21.873644,12.359449,-1.9157324,3.9046443,8.721366,13.537159,46.863453,-9.512869,7.950066,11.278543,-3.4220288,-8.236082,3.2601643,-2.930133,4.1252556,-3.872684,18.854958,7.848104,-10.070855,-24.533466,-6.4989967,-8.268775,-7.8012567,52.419727,6.1866055,-12.3168125,-14.293549,0.8861769,-5.5232315,19.951277,-9.198666,-11.912939,3.360812,36.392677,-25.919035,1.2829342,0.05944624,-8.077571,-5.63278,-0.48743847,-23.004343,14.2572565,10.476682,6.589134,30.550064,-9.020451,-21.814209,2.2608564,-14.255171,-23.253979,46.46315,26.83687,-11.428783,-44.965427,-7.0816536,-9.995165,-10.666277,20.844755,-1.1562791,14.79705,-25.883577,6.5673933,1.0842066,13.799128,-6.156723,-4.5810814,-14.999367,4.775469,1.0769014
11,Mist Energy,TEF,161,Special Energy,,None/Missing,,0.0,{C},None/Missing,,,,,0.0,"As long as this card is attached to a Pokémon, it provides {C} Energy.

Prevent all effects of attacks used by your opponent’s Pokémon done to the Pokémon this card is attached to. (Existing effects are not removed. Damage is not an effect.)",4,3,3,0,-10.641499,-14.024774,0.32580805,-8.830312,3.0669909,1.5977823,1.5944101,-3.602848,8.853143,-7.943331,-6.0163007,-1.2296063,-1.2657771,2.0652668,-0.56279373,-3.2014942,0.015298379,3.5061154,10.421253,-2.1585531,-5.248775,-16.091068,-8.2168045,-4.300481,2.5221317,-3.3947768,-4.4966335,7.6028404,-8.03715,2.9945314,1.1555463,-5.964934,17.006994,8.557792,3.4547956,-17.898973,3.8515131,-2.7600377,-9.853283,-5.92848,-4.518018,2.2715158,-3.0267797,-7.4167457,-2.2578273,-1.3710219,-11.575201,-13.950959,11.724221,-1.3546247,1.2880594,15.023954,5.087723,7.346299,1.1135324,-7.435927,-9.294294,1.733201,-2.602625,5.7027893,-17.531506,-0.367283,18.847523,8.924623,-0.7927483,-7.973694,-0.31212568,1.3332375,-12.824809,-2.1868637,-3.6522377,16.357964,-6.152761,4.399329,-0.05859258,-2.764369,6.80406,3.5788205,3.8078203,13.918044,9.959335,2.9389977,-10.503953,-3.9435244,6.9030843,-6.445963,-1.6460687,11.945686,-6.1853757,2.0633233,-5.036987,-4.3975534,-8.317835,3.8903246,2.6643496,-8.98503,-6.3691974,-7.444294,-14.054816,-10.056254,-9.621774,4.33865,-0.6633069,-9.527539,8.5243,8.428162,-10.88966,-8.504098,-0.46449962,-7.6147513,-3.2514637,3.6675813,6.7059712,11.621755,-4.849904,1.9427668,0.61957616,-6.5566587,-12.4922905,-5.1947603,3.7159843,-17.811323,3.778016,2.5060842,-4.8225503,-7.6326303,8.968988,6.9177737
18,Grow Grass Energy,POR,86,Special Energy,,None/Missing,,0.0,{G},None/Missing,,,,,0.0,"As long as this card is attached to a Pokémon, it provides {G} Energy.
The {G} Pokémon this card is attached to gets +20 HP.",4,3,7,0,-10.641499,-14.024774,0.32580805,-8.830312,3.0669909,1.5977823,1.5944101,-3.602848,8.853143,-7.943331,-6.0163007,-1.2296063,-1.2657771,2.0652668,-0.56279373,-3.2014942,0.015298379,3.5061154,10.421253,-2.1585531,-5.248775,-16.091068,-8.2168045,-4.300481,2.5221317,-3.3947768,-4.4966335,7.6028404,-8.03715,2.9945314,1.1555463,-5.964934,17.006994,8.557792,3.4547956,-17.898973,3.8515131,-2.7600377,-9.853283,-5.92848,-4.518018,2.2715158,-3.0267797,-7.4167457,-2.2578273,-1.3710219,-11.575201,-13.950959,11.724221,-1.3546247,1.2880594,15.023954,5.087723,7.346299,1.1135324,-7.435927,-9.294294,1.733201,-2.602625,5.7027893,-17.531506,-0.367283,18.847523,8.924623,-0.7927483,-7.973694,-0.31212568,1.3332375,-12.824809,-2.1868637,-3.6522377,16.357964,-6.152761,4.399329,-0.05859258,-2.764369,6.80406,3.5788205,3.8078203,13.918044,9.959335,2.9389977,-10.503953,-3.9435244,6.9030843,-6.445963,-1.6460687,11.945686,-6.1853757,2.0633233,-5.036987,-4.3975534,-8.317835,3.8903246,2.6643496,-8.98503,-6.3691974,-7.444294,-14.054816,-10.056254,-9.621774,4.33865,-0.6633069,-9.527539,8.5243,8.428162,-10.88966,-8.504098,-0.46449962,-7.6147513,-3.2514637,3.6675813,6.7059712,11.621755,-4.849904,1.9427668,0.61957616,-6.5566587,-12.4922905,-5.1947603,3.7159843,-17.811323,3.778016,2.5060842,-4.8225503,-7.6326303,8.968988,6.9177737
17,Ignition Energy,WHT,86,Special Energy,,None/Missing,,0.0,{C}{C}{C},None/Missing,,,,,0.0,"If this card is attached to 1 of your Pokémon, discard it at the end of your turn.

As long as this card is attached to a Pokémon, it provides {C} Energy.

If this card is attached to an Evolution Pokémon, it provides {C}{C}{C} Energy instead.",4,3,4,0,-10.641499,-14.024774,0.32580805,-8.830312,3.0669909,1.5977823,1.5944101,-3.602848,8.853143,-7.943331,-6.0163007,-1.2296063,-1.2657771,2.0652668,-0.56279373,-3.2014942,0.015298379,3.5061154,10.421253,-2.1585531,-5.248775,-16.091068,-8.2168045,-4.300481,2.5221317,-3.3947768,-4.4966335,7.6028404,-8.03715,2.9945314,1.1555463,-5.964934,17.006994,8.557792,3.4547956,-17.898973,3.8515131,-2.7600377,-9.853283,-5.92848,-4.518018,2.2715158,-3.0267797,-7.4167457,-2.2578273,-1.3710219,-11.575201,-13.950959,11.724221,-1.3546247,1.2880594,15.023954,5.087723,7.346299,1.1135324,-7.435927,-9.294294,1.733201,-2.602625,5.7027893,-17.531506,-0.367283,18.847523,8.924623,-0.7927483,-7.973694,-0.31212568,1.3332375,-12.824809,-2.1868637,-3.6522377,16.357964,-6.152761,4.399329,-0.05859258,-2.764369,6.80406,3.5788205,3.8078203,13.918044,9.959335,2.9389977,-10.503953,-3.9435244,6.9030843,-6.445963,-1.6460687,11.945686,-6.1853757,2.0633233,-5.036987,-4.3975534,-8.317835,3.8903246,2.6643496,-8.98503,-6.3691974,-7.444294,-14.054816,-10.056254,-9.621774,4.33865,-0.6633069,-9.527539,8.5243,8.428162,-10.88966,-8.504098,-0.46449962,-7.6147513,-3.2514637,3.6675813,6.7059712,11.621755,-4.849904,1.9427668,0.61957616,-6.5566587,-12.4922905,-5.1947603,3.7159843,-17.811323,3.778016,2.5060842,-4.8225503,-7.6326303,8.968988,6.9177737
14,Spiky Energy,JTG,159,Special Energy,,None/Missing,,0.0,{C},None/Missing,,,,,0.0,"As long as this card is attached to a Pokémon, it provides {C} Energy.

If the Pokémon this card is attached to is in the Active Spot and is damaged by an attack from your opponent’s Pokémon (even if this Pokémon is Knocked Out), put 2 damage counters on the Attacking Pokémon.",4,3,3,0,-10.641499,-14.024774,0.32580805,-8.830312,3.0669909,1.5977823,1.5944101,-3.602848,8.853143,-7.943331,-6.0163007,-1.2296063,-1.2657771,2.0652668,-0.56279373,-3.2014942,0.015298379,3.5061154,10.421253,-2.1585531,-5.248775,-16.091068,-8.2168045,-4.300481,2.5221317,-3.3947768,-4.4966335,7.6028404,-8.03715,2.9945314,1.1555463,-5.964934,17.006994,8.557792,3.4547956,-17.898973,3.8515131,-2.7600377,-9.853283,-5.92848,-4.518018,2.2715158,-3.0267797,-7.4167457,-2.2578273,-1.3710219,-11.575201,-13.950959,11.724221,-1.3546247,1.2880594,15.023954,5.087723,7.346299,1.1135324,-7.435927,-9.294294,1.733201,-2.602625,5.7027893,-17.531506,-0.367283,18.847523,8.924623,-0.7927483,-7.973694,-0.31212568,1.3332375,-12.824809,-2.1868637,-3.6522377,16.357964,-6.152761,4.399329,-0.05859258,-2.764369,6.80406,3.5788205,3.8078203,13.918044,9.959335,2.9389977,-10.503953,-3.9435244,6.9030843,-6.445963,-1.6460687,11.945686,-6.1853757,2.0633233,-5.036987,-4.3975534,-8.317835,3.8903246,2.6643496,-8.98503,-6.3691974,-7.444294,-14.054816,-10.056254,-9.621774,4.33865,-0.6633069,-9.527539,8.5243,8.428162,-10.88966,-8.504098,-0.46449962,-7.6147513,-3.2514637,3.6675813,6.7059712,11.621755,-4.849904,1.9427668,0.61957616,-6.5566587,-12.4922905,-5.1947603,3.7159843,-17.811323,3.778016,2.5060842,-4.8225503,-7.6326303,8.968988,6.9177737
12,Legacy Energy,TWM,167,Special Energy,ACE SPEC,None/Missing,,0.0,{A},None/Missing,,,,,0.0,"As long as this card is attached to a Pokémon, it provides every type of Energy but provides only 1 Energy at a time.

If the Pokémon this card is attached to is Knocked Out by damage from an attack from your opponent’s Pokémon, that player takes 1 fewer Prize card. This effect of your Legacy Energy only works once per game.",4,3,1,0,-10.641499,-14.024774,0.32580805,-8.830312,3.0669909,1.5977823,1.5944101,-3.602848,8.853143,-7.943331,-6.0163007,-1.2296063,-1.2657771,2.0652668,-0.56279373,-3.2014942,0.015298379,3.5061154,10.421253,-2.1585531,-5.248775,-16.091068,-8.2168045,-4.300481,2.5221317,-3.3947768,-4.4966335,7.6028404,-8.03715,2.9945314,1.1555463,-5.964934,17.006994,8.557792,3.4547956,-17.898973,3.8515131,-2.7600377,-9.853283,-5.92848,-4.518018,2.2715158,-3.0267797,-7.4167457,-2.2578273,-1.3710219,-11.575201,-13.950959,11.724221,-1.3546247,1.2880594,15.023954,5.087723,7.346299,1.1135324,-7.435927,-9.294294,1.733201,-2.602625,5.7027893,-17.531506,-0.367283,18.847523,8.924623,-0.7927483,-7.973694,-0.31212568,1.3332375,-12.824809,-2.1868637,-3.6522377,16.357964,-6.152761,4.399329,-0.05859258,-2.764369,6.80406,3.5788205,3.8078203,13.918044,9.959335,2.9389977,-10.503953,-3.9435244,6.9030843,-6.445963,-1.6460687,11.945686,-6.1853757,2.0633233,-5.036987,-4.3975534,-8.317835,3.8903246,2.6643496,-8.98503,-6.3691974,-7.444294,-14.054816,-10.056254,-9.621774,4.33865,-0.6633069,-9.527539,8.5243,8.428162,-10.88966,-8.504098,-0.46449962,-7.6147513,-3.2514637,3.6675813,6.7059712,11.621755,-4.849904,1.9427668,0.61957616,-6.5566587,-12.4922905,-5.1947603,3.7159843,-17.811323,3.778016,2.5060842,-4.8225503,-7.6326303,8.968988,6.9177737
18,Grow Grass Energy,POR,86,Special Energy,,None/Missing,,0.0,{G},None/Missing,,,,,0.0,"As long as this card is attached to a Pokémon, it provides {G} Energy.
The {G} Pokémon this card is attached to gets +20 HP.",4,3,7,0,-10.641499,-14.024774,0.32580805,-8.830312,3.0669909,1.5977823,1.5944101,-3.602848,8.853143,-7.943331,-6.0163007,-1.2296063,-1.2657771,2.0652668,-0.56279373,-3.2014942,0.015298379,3.5061154,10.421253,-2.1585531,-5.248775,-16.091068,-8.2168045,-4.300481,2.5221317,-3.3947768,-4.4966335,7.6028404,-8.03715,2.9945314,1.1555463,-5.964934,17.006994,8.557792,3.4547956,-17.898973,3.8515131,-2.7600377,-9.853283,-5.92848,-4.518018,2.2715158,-3.0267797,-7.4167457,-2.2578273,-1.3710219,-11.575201,-13.950959,11.724221,-1.3546247,1.2880594,15.023954,5.087723,7.346299,1.1135324,-7.435927,-9.294294,1.733201,-2.602625,5.7027893,-17.531506,-0.367283,18.847523,8.924623,-0.7927483,-7.973694,-0.31212568,1.3332375,-12.824809,-2.1868637,-3.6522377,16.357964,-6.152761,4.399329,-0.05859258,-2.764369,6.80406,3.5788205,3.8078203,13.918044,9.959335,2.9389977,-10.503953,-3.9435244,6.9030843,-6.445963,-1.6460687,11.945686,-6.1853757,2.0633233,-5.036987,-4.3975534,-8.317835,3.8903246,2.6643496,-8.98503,-6.3691974,-7.444294,-14.054816,-10.056254,-9.621774,4.33865,-0.6633069,-9.527539,8.5243,8.428162,-10.88966,-8.504098,-0.46449962,-7.6147513,-3.2514637,3.6675813,6.7059712,11.621755,-4.849904,1.9427668,0.61957616,-6.5566587,-12.4922905,-5.1947603,3.7159843,-17.811323,3.778016,2.5060842,-4.8225503,-7.6326303,8.968988,6.9177737
12,Legacy Energy,TWM,167,Special Energy,ACE SPEC,None/Missing,,0.0,{A},None/Missing,,,,,0.0,"As long as this card is attached to a Pokémon, it provides every type of Energy but provides only 1 Energy at a time.

If the Pokémon this card is attached to is Knocked Out by damage from an attack from your opponent’s Pokémon, that player takes 1 fewer Prize card. This effect of your Legacy Energy only works once per game.",4,3,1,0,-10.641499,-14.024774,0.32580805,-8.830312,3.0669909,1.5977823,1.5944101,-3.602848,8.853143,-7.943331,-6.0163007,-1.2296063,-1.2657771,2.0652668,-0.56279373,-3.2014942,0.015298379,3.5061154,10.421253,-2.1585531,-5.248775,-16.091068,-8.2168045,-4.300481,2.5221317,-3.3947768,-4.4966335,7.6028404,-8.03715,2.9945314,1.1555463,-5.964934,17.006994,8.557792,3.4547956,-17.898973,3.8515131,-2.7600377,-9.853283,-5.92848,-4.518018,2.2715158,-3.0267797,-7.4167457,-2.2578273,-1.3710219,-11.575201,-13.950959,11.724221,-1.3546247,1.2880594,15.023954,5.087723,7.346299,1.1135324,-7.435927,-9.294294,1.733201,-2.602625,5.7027893,-17.531506,-0.367283,18.847523,8.924623,-0.7927483,-7.973694,-0.31212568,1.3332375,-12.824809,-2.1868637,-3.6522377,16.357964,-6.152761,4.399329,-0.05859258,-2.764369,6.80406,3.5788205,3.8078203,13.918044,9.959335,2.9389977,-10.503953,-3.9435244,6.9030843,-6.445963,-1.6460687,11.945686,-6.1853757,2.0633233,-5.036987,-4.3975534,-8.317835,3.8903246,2.6643496,-8.98503,-6.3691974,-7.444294,-14.054816,-10.056254,-9.621774,4.33865,-0.6633069,-9.527539,8.5243,8.428162,-10.88966,-8.504098,-0.46449962,-7.6147513,-3.2514637,3.6675813,6.7059712,11.621755,-4.849904,1.9427668,0.61957616,-6.5566587,-12.4922905,-5.1947603,3.7159843,-17.811323,3.778016,2.5060842,-4.8225503,-7.6326303,8.968988,6.9177737
17,Ignition Energy,WHT,86,Special Energy,,None/Missing,,0.0,{C}{C}{C},None/Missing,,,,,0.0,"If this card is attached to 1 of your Pokémon, discard it at the end of your turn.

As long as this card is attached to a Pokémon, it provides {C} Energy.

If this card is attached to an Evolution Pokémon, it provides {C}{C}{C} Energy instead.",4,3,4,0,-10.641499,-14.024774,0.32580805,-8.830312,3.0669909,1.5977823,1.5944101,-3.602848,8.853143,-7.943331,-6.0163007,-1.2296063,-1.2657771,2.0652668,-0.56279373,-3.2014942,0.015298379,3.5061154,10.421253,-2.1585531,-5.248775,-16.091068,-8.2168045,-4.300481,2.5221317,-3.3947768,-4.4966335,7.6028404,-8.03715,2.9945314,1.1555463,-5.964934,17.006994,8.557792,3.4547956,-17.898973,3.8515131,-2.7600377,-9.853283,-5.92848,-4.518018,2.2715158,-3.0267797,-7.4167457,-2.2578273,-1.3710219,-11.575201,-13.950959,11.724221,-1.3546247,1.2880594,15.023954,5.087723,7.346299,1.1135324,-7.435927,-9.294294,1.733201,-2.602625,5.7027893,-17.531506,-0.367283,18.847523,8.924623,-0.7927483,-7.973694,-0.31212568,1.3332375,-12.824809,-2.1868637,-3.6522377,16.357964,-6.152761,4.399329,-0.05859258,-2.764369,6.80406,3.5788205,3.8078203,13.918044,9.959335,2.9389977,-10.503953,-3.9435244,6.9030843,-6.445963,-1.6460687,11.945686,-6.1853757,2.0633233,-5.036987,-4.3975534,-8.317835,3.8903246,2.6643496,-8.98503,-6.3691974,-7.444294,-14.054816,-10.056254,-9.621774,4.33865,-0.6633069,-9.527539,8.5243,8.428162,-10.88966,-8.504098,-0.46449962,-7.6147513,-3.2514637,3.6675813,6.7059712,11.621755,-4.849904,1.9427668,0.61957616,-6.5566587,-12.4922905,-5.1947603,3.7159843,-17.811323,3.778016,2.5060842,-4.8225503,-7.6326303,8.968988,6.9177737
11,Mist Energy,TEF,161,Special Energy,,None/Missing,,0.0,{C},None/Missing,,,,,0.0,"As long as this card is attached to a Pokémon, it provides {C} Energy.

Prevent all effects of attacks used by your opponent’s Pokémon done to the Pokémon this card is attached to. (Existing effects are not removed. Damage is not an effect.)",4,3,3,0,-10.641499,-14.024774,0.32580805,-8.830312,3.0669909,1.5977823,1.5944101,-3.602848,8.853143,-7.943331,-6.0163007,-1.2296063,-1.2657771,2.0652668,-0.56279373,-3.2014942,0.015298379,3.5061154,10.421253,-2.1585531,-5.248775,-16.091068,-8.2168045,-4.300481,2.5221317,-3.3947768,-4.4966335,7.6028404,-8.03715,2.9945314,1.1555463,-5.964934,17.006994,8.557792,3.4547956,-17.898973,3.8515131,-2.7600377,-9.853283,-5.92848,-4.518018,2.2715158,-3.0267797,-7.4167457,-2.2578273,-1.3710219,-11.575201,-13.950959,11.724221,-1.3546247,1.2880594,15.023954,5.087723,7.346299,1.1135324,-7.435927,-9.294294,1.733201,-2.602625,5.7027893,-17.531506,-0.367283,18.847523,8.924623,-0.7927483,-7.973694,-0.31212568,1.3332375,-12.824809,-2.1868637,-3.6522377,16.357964,-6.152761,4.399329,-0.05859258,-2.764369,6.80406,3.5788205,3.8078203,13.918044,9.959335,2.9389977,-10.503953,-3.9435244,6.9030843,-6.445963,-1.6460687,11.945686,-6.1853757,2.0633233,-5.036987,-4.3975534,-8.317835,3.8903246,2.6643496,-8.98503,-6.3691974,-7.444294,-14.054816,-10.056254,-9.621774,4.33865,-0.6633069,-9.527539,8.5243,8.428162,-10.88966,-8.504098,-0.46449962,-7.6147513,-3.2514637,3.6675813,6.7059712,11.621755,-4.849904,1.9427668,0.61957616,-6.5566587,-12.4922905,-5.1947603,3.7159843,-17.811323,3.778016,2.5060842,-4.8225503,-7.6326303,8.968988,6.9177737
13,Enriching Energy,SSP,191,Special Energy,ACE SPEC,None/Missing,,0.0,{C},None/Missing,,,,,0.0,"As long as this card is attached to a Pokémon, it provides {C} Energy.

When you attach this card from your hand to a Pokémon, draw 4 cards.",4,3,3,0,-10.641499,-14.024774,0.32580805,-8.830312,3.0669909,1.5977823,1.5944101,-3.602848,8.853143,-7.943331,-6.0163007,-1.2296063,-1.2657771,2.0652668,-0.56279373,-3.2014942,0.015298379,3.5061154,10.421253,-2.1585531,-5.248775,-16.091068,-8.2168045,-4.300481,2.5221317,-3.3947768,-4.4966335,7.6028404,-8.03715,2.9945314,1.1555463,-5.964934,17.006994,8.557792,3.4547956,-17.898973,3.8515131,-2.7600377,-9.853283,-5.92848,-4.518018,2.2715158,-3.0267797,-7.4167457,-2.2578273,-1.3710219,-11.575201,-13.950959,11.724221,-1.3546247,1.2880594,15.023954,5.087723,7.346299,1.1135324,-7.435927,-9.294294,1.733201,-2.602625,5.7027893,-17.531506,-0.367283,18.847523,8.924623,-0.7927483,-7.973694,-0.31212568,1.3332375,-12.824809,-2.1868637,-3.6522377,16.357964,-6.152761,4.399329,-0.05859258,-2.764369,6.80406,3.5788205,3.8078203,13.918044,9.959335,2.9389977,-10.503953,-3.9435244,6.9030843,-6.445963,-1.6460687,11.945686,-6.1853757,2.0633233,-5.036987,-4.3975534,-8.317835,3.8903246,2.6643496,-8.98503,-6.3691974,-7.444294,-14.054816,-10.056254,-9.621774,4.33865,-0.6633069,-9.527539,8.5243,8.428162,-10.88966,-8.504098,-0.46449962,-7.6147513,-3.2514637,3.6675813,6.7059712,11.621755,-4.849904,1.9427668,0.61957616,-6.5566587,-12.4922905,-5.1947603,3.7159843,-17.811323,3.778016,2.5060842,-4.8225503,-7.6326303,8.968988,6.9177737
11,Mist Energy,TEF,161,Special Energy,,None/Missing,,0.0,{C},None/Missing,,,,,0.0,"As long as this card is attached to a Pokémon, it provides {C} Energy.

Prevent all effects of attacks used by your opponent’s Pokémon done to the Pokémon this card is attached to. (Existing effects are not removed. Damage is not an effect.)",4,3,3,0,-10.641499,-14.024774,0.32580805,-8.830312,3.0669909,1.5977823,1.5944101,-3.602848,8.853143,-7.943331,-6.0163007,-1.2296063,-1.2657771,2.0652668,-0.56279373,-3.2014942,0.015298379,3.5061154,10.421253,-2.1585531,-5.248775,-16.091068,-8.2168045,-4.300481,2.5221317,-3.3947768,-4.4966335,7.6028404,-8.03715,2.9945314,1.1555463,-5.964934,17.006994,8.557792,3.4547956,-17.898973,3.8515131,-2.7600377,-9.853283,-5.92848,-4.518018,2.2715158,-3.0267797,-7.4167457,-2.2578273,-1.3710219,-11.575201,-13.950959,11.724221,-1.3546247,1.2880594,15.023954,5.087723,7.346299,1.1135324,-7.435927,-9.294294,1.733201,-2.602625,5.7027893,-17.531506,-0.367283,18.847523,8.924623,-0.7927483,-7.973694,-0.31212568,1.3332375,-12.824809,-2.1868637,-3.6522377,16.357964,-6.152761,4.399329,-0.05859258,-2.764369,6.80406,3.5788205,3.8078203,13.918044,9.959335,2.9389977,-10.503953,-3.9435244,6.9030843,-6.445963,-1.6460687,11.945686,-6.1853757,2.0633233,-5.036987,-4.3975534,-8.317835,3.8903246,2.6643496,-8.98503,-6.3691974,-7.444294,-14.054816,-10.056254,-9.621774,4.33865,-0.6633069,-9.527539,8.5243,8.428162,-10.88966,-8.504098,-0.46449962,-7.6147513,-3.2514637,3.6675813,6.7059712,11.621755,-4.849904,1.9427668,0.61957616,-6.5566587,-12.4922905,-5.1947603,3.7159843,-17.811323,3.778016,2.5060842,-4.8225503,-7.6326303,8.968988,6.9177737
